證券代號,大戶比例_本週,千張比例_本週,散戶比例_本週,大戶比例_上週,千張比例_上週,散戶比例_上週,本週增減,千張本週增減,散戶本週增減,上週增減,分類
6536,58.260000000000005,53.2,41.69,0.0,0.0,0.0,58.260000000000005,53.2,41.69,-74.27,回頭車
009828,31.46,28.05,68.46,13.4,9.16,86.53,18.060000000000002,18.89,-18.070000000000007,-14.289999999999997,回頭車
00411A,38.620000000000005,31.53,61.3,29.0,19.77,70.91,9.620000000000005,11.760000000000002,-9.61,-2.629999999999999,回頭車
00657,22.91,0.0,77.02,15.05,0.0,84.88,7.859999999999999,0.0,-7.859999999999999,4.98,續買
8150,67.66,60.71,32.27,60.22,53.66,39.69,7.439999999999998,7.050000000000004,-7.419999999999995,-1.3999999999999986,回頭車
00947,29.29,24.19,70.65,22.470000000000002,18.26,77.48,6.819999999999997,5.93,-6.829999999999998,1.2500000000000036,續買
3094,29.340000000000003,24.76,70.6,22.92,14.98,76.99,6.420000000000002,9.780000000000001,-6.390000000000001,6.109999999999999,續買
2409,56.040000000000006,51.7,43.89,50.230000000000004,45.71,49.7,5.810000000000002,5.990000000000002,-5.810000000000002,2.8599999999999994,續買
6257,52.48,42.8,47.46,47.41,37.89,52.53,5.07,4.909999999999997,-5.07,1.480000000000004,續買
00410A,34.51,28.63,65.41,29.67,22.61,70.24,4.839999999999996,6.02,-4.829999999999998,-6.5,回頭車
00920,23.81,8.03,76.10000000000001,19.26,7.57,80.65,4.549999999999997,0.4599999999999991,-4.549999999999997,-2.9599999999999973,回頭車
00981A,22.59,18.2,77.35,18.2,13.58,81.84,4.390000000000001,4.619999999999999,-4.490000000000009,-1.6099999999999994,回頭車
009822,16.52,9.56,83.41,12.129999999999999,5.64,87.8,4.390000000000001,3.920000000000001,-4.390000000000001,1.7599999999999998,續買
1727,68.87,62.27,31.06,64.88,57.82,35.04,3.990000000000009,4.450000000000003,-3.9800000000000004,5.859999999999999,續買
00645,30.2,17.33,69.73,26.409999999999997,16.56,73.53,3.7900000000000027,0.7699999999999996,-3.799999999999997,2.429999999999996,續買
6168,55.98,53.18,43.95,52.199999999999996,49.12,47.74,3.780000000000001,4.060000000000002,-3.789999999999999,5.390000000000001,續買
00994A,19.65,13.84,80.28,16.130000000000003,10.41,83.8,3.519999999999996,3.4299999999999997,-3.519999999999996,-2.229999999999997,回頭車
6426,53.730000000000004,38.38,46.18,50.269999999999996,38.79,49.65,3.460000000000008,-0.4099999999999966,-3.469999999999999,5.159999999999997,續買
00736,76.27000000000001,45.67,23.67,72.85000000000001,41.59,27.08,3.4200000000000017,4.079999999999998,-3.4099999999999966,-1.4699999999999847,回頭車
00404A,17.75,13.66,82.17,14.420000000000002,10.22,85.51,3.3299999999999983,3.4399999999999995,-3.3400000000000034,-4.259999999999998,回頭車
00982T,17.94,0.0,82.0,15.049999999999999,6.26,84.89,2.8900000000000023,-6.26,-2.8900000000000006,-18.480000000000004,回頭車
3580,15.24,7.21,84.69,12.46,7.21,87.48,2.7799999999999994,0.0,-2.7900000000000063,-1.1699999999999982,回頭車
009829,45.940000000000005,38.34,53.96,43.26,35.66,56.65,2.680000000000007,2.680000000000007,-2.6899999999999977,-2.6400000000000006,回頭車
00763U,51.67,47.4,48.28,49.14,44.92,50.78,2.530000000000001,2.479999999999997,-2.5,-1.6899999999999977,回頭車
009827,16.9,10.63,83.02,14.39,9.0,85.53999999999999,2.509999999999998,1.6300000000000008,-2.519999999999996,-5.640000000000001,回頭車
00731,18.009999999999998,0.0,81.92,15.64,0.0,84.28999999999999,2.3699999999999974,0.0,-2.3699999999999903,3.129999999999999,續買
00992A,18.58,13.9,81.35,16.27,11.48,83.67,2.3099999999999987,2.42,-2.3200000000000074,-1.490000000000002,回頭車
3605,69.66,61.62,30.25,67.47999999999999,59.98,32.46,2.180000000000007,1.6400000000000006,-2.210000000000001,2.8699999999999903,續買
00982B,61.11,53.33,38.82,59.03,53.33,40.9,2.0799999999999983,0.0,-2.0799999999999983,-3.289999999999992,回頭車
6770,49.230000000000004,44.67,50.72,47.18,42.6,52.76,2.0500000000000043,2.0700000000000003,-2.039999999999999,2.0899999999999963,續買
006207,13.42,0.0,86.52,11.45,0.0,88.48,1.9700000000000006,0.0,-1.960000000000008,-2.7699999999999996,回頭車
6213,65.78999999999999,58.33,34.14,63.83,55.69,36.09,1.9599999999999937,2.6400000000000006,-1.9500000000000028,-3.8800000000000097,回頭車
00991A,20.720000000000002,16.28,79.21000000000001,18.8,14.25,81.11,1.9200000000000017,2.030000000000001,-1.8999999999999915,-1.0500000000000007,回頭車
6693,42.480000000000004,31.39,57.44,40.57,31.39,59.349999999999994,1.9100000000000037,0.0,-1.9099999999999966,-1.9400000000000048,回頭車
00783,13.23,0.0,86.71000000000001,11.36,0.0,88.59,1.870000000000001,0.0,-1.8799999999999955,1.1999999999999993,續買
3661,35.31,9.73,64.59,33.46,10.7,66.47,1.8500000000000014,-0.9699999999999989,-1.8799999999999955,-4.049999999999997,回頭車
3219,82.66,76.22,17.25,80.83,76.33,19.11,1.8299999999999983,-0.10999999999999943,-1.8599999999999994,1.0100000000000051,續買
00935,22.13,20.43,77.79,20.32,18.62,79.61,1.8099999999999987,1.8099999999999987,-1.8199999999999932,-4.309999999999999,回頭車
009818,8.4,6.49,91.53,6.609999999999999,5.6,93.31,1.790000000000001,0.8900000000000006,-1.7800000000000011,2.6499999999999995,續買
00861,6.83,3.72,93.09,5.09,3.81,94.84,1.7400000000000002,-0.08999999999999986,-1.75,-1.0600000000000005,回頭車
3105,55.69,49.69,44.23,53.97,48.25,45.96,1.7199999999999989,1.4399999999999977,-1.730000000000004,1.1899999999999977,續買
6533,21.27,15.55,78.66,19.689999999999998,15.87,80.24000000000001,1.5800000000000018,-0.3199999999999985,-1.5800000000000125,-1.0600000000000023,回頭車
00700,13.35,4.72,86.58,11.77,5.16,88.14,1.58,-0.4400000000000004,-1.5600000000000023,-1.8599999999999994,回頭車
009803,14.4,10.76,85.52,12.83,8.97,87.09,1.5700000000000003,1.7899999999999991,-1.5700000000000074,1.5899999999999999,續買
00995A,17.119999999999997,13.62,82.78999999999999,15.56,11.89,84.35,1.559999999999997,1.7299999999999986,-1.5600000000000023,1.3100000000000005,續買
3675,58.48,55.16,41.46,56.94,55.16,42.99,1.5399999999999991,0.0,-1.5300000000000011,-1.1099999999999994,回頭車
00401A,26.72,23.59,73.21,25.18,21.73,74.73,1.5399999999999991,1.8599999999999994,-1.5200000000000102,5.460000000000001,續買
8996,51.66,27.2,48.26,50.12,25.13,49.79,1.5399999999999991,2.0700000000000003,-1.5300000000000011,2.079999999999991,續買
3211,49.44,39.19,50.48,47.92,39.18,52.019999999999996,1.519999999999996,0.00999999999999801,-1.5399999999999991,-2.289999999999992,回頭車
2481,58.14,51.86,41.78,56.620000000000005,51.46,43.32,1.519999999999996,0.3999999999999986,-1.5399999999999991,-4.659999999999997,回頭車
00685L,35.08,22.77,64.85,33.57,21.58,66.37,1.509999999999998,1.1900000000000013,-1.5200000000000102,2.1400000000000006,續買
2484,25.73,16.62,74.2,24.23,16.57,75.71,1.5,0.05000000000000071,-1.509999999999991,1.4600000000000009,續買
8299,39.55,29.18,60.38,38.08,27.43,61.84,1.4699999999999989,1.75,-1.4600000000000009,-1.1300000000000026,回頭車
009800,30.57,25.64,69.34,29.1,24.45,70.83,1.4699999999999989,1.1900000000000013,-1.4899999999999949,2.5500000000000007,續買
6715,76.53,65.62,23.39,75.11,65.47,24.81,1.4200000000000017,0.15000000000000568,-1.4199999999999982,-3.210000000000008,回頭車
6290,41.17,29.92,58.74,39.76,28.95,60.17,1.4100000000000037,0.9700000000000024,-1.4299999999999997,2.0799999999999983,續買
00918,10.97,8.21,88.95,9.61,6.63,90.73,1.3600000000000012,1.580000000000001,-1.7800000000000011,-2.1700000000000017,回頭車
00917,12.74,5.11,87.19,11.379999999999999,5.05,88.53999999999999,1.3600000000000012,0.0600000000000005,-1.3499999999999943,-2.1799999999999997,回頭車
00896,8.15,6.68,91.78,6.79,5.28,93.13,1.3600000000000003,1.3999999999999995,-1.3499999999999943,-1.1499999999999995,回頭車
00670L,13.31,7.19,86.62,11.950000000000001,6.48,87.98,1.3599999999999994,0.71,-1.3599999999999994,-1.1199999999999992,回頭車
6538,53.67,23.78,46.25,52.32,23.61,47.61,1.3500000000000014,0.1700000000000017,-1.3599999999999994,5.25,續買
2426,46.559999999999995,40.76,53.349999999999994,45.25,41.01,54.67,1.3099999999999952,-0.25,-1.3200000000000074,-4.399999999999999,回頭車
6214,68.11,60.32,31.840000000000003,66.83,60.27,33.08,1.2800000000000011,0.04999999999999716,-1.2399999999999949,1.3700000000000045,續買
00728,4.1899999999999995,0.0,95.75,2.91,2.91,97.03,1.2799999999999994,-2.91,-1.2800000000000011,-2.3899999999999997,回頭車
9960,77.78,56.82,22.13,76.55,56.82,23.36,1.230000000000004,0.0,-1.2300000000000004,-1.2000000000000028,回頭車
8358,35.41,27.61,64.50999999999999,34.209999999999994,25.83,65.71,1.2000000000000028,1.7800000000000011,-1.2000000000000028,-4.52000000000001,回頭車
00951,30.58,25.84,69.32,29.39,24.72,70.54,1.1899999999999977,1.120000000000001,-1.220000000000013,1.75,續買
6442,55.53,36.79,44.38,54.35,37.99,45.589999999999996,1.1799999999999997,-1.2000000000000028,-1.2099999999999937,-1.0300000000000011,回頭車
00980A,25.3,23.18,74.62,24.14,22.02,75.78,1.1600000000000001,1.1600000000000001,-1.1599999999999966,-1.2300000000000004,回頭車
6199,84.89,77.81,15.040000000000001,83.75999999999999,79.08,16.169999999999998,1.1300000000000097,-1.269999999999996,-1.1299999999999972,2.1599999999999966,續買
6672,33.64,20.72,66.29,32.53,17.61,67.38,1.1099999999999994,3.1099999999999994,-1.0899999999999892,2.1400000000000006,續買
00695B,74.6,65.63,25.31,73.53999999999999,68.8,26.4,1.0600000000000023,-3.1700000000000017,-1.0899999999999999,-1.6000000000000085,回頭車
009826,26.04,17.73,73.88,25.0,16.43,74.93,1.0399999999999991,1.3000000000000007,-1.0500000000000114,-1.009999999999998,回頭車
3264,72.27,65.14,27.66,73.28,66.8,26.66,-1.0100000000000051,-1.6599999999999966,1.0,1.4399999999999977,下車
7749,45.69,28.12,54.230000000000004,46.73,28.99,53.19,-1.0399999999999991,-0.8699999999999974,1.0400000000000063,-1.0800000000000054,續賣
7754,69.2,56.27,30.73,70.26,56.35,29.67,-1.0600000000000023,-0.0799999999999983,1.0599999999999987,-1.3599999999999994,續賣
3141,27.66,10.28,72.27,28.74,16.79,71.21,-1.0799999999999983,-6.51,1.0600000000000023,-3.0100000000000016,續賣
00847B,31.759999999999998,0.0,68.17,32.84,0.0,67.11,-1.0800000000000054,0.0,1.0600000000000023,1.6300000000000026,下車
8112,35.93,31.62,64.01,37.019999999999996,32.82,62.910000000000004,-1.0899999999999963,-1.1999999999999993,1.1000000000000014,-3.5400000000000063,續賣
2359,46.22,38.95,53.71,47.31,39.2,52.63,-1.0900000000000034,-0.25,1.0799999999999983,-1.1699999999999946,續賣
7932,58.879999999999995,40.15,41.06,59.980000000000004,40.07,39.96,-1.1000000000000085,0.0799999999999983,1.1000000000000014,-1.1599999999999966,續賣
6510,54.9,42.44,45.03,56.01,43.97,43.92,-1.1099999999999994,-1.5300000000000011,1.1099999999999994,1.4399999999999977,下車
5351,37.06,29.4,62.88,38.19,30.98,61.74,-1.1299999999999955,-1.5800000000000018,1.1400000000000006,-2.990000000000002,續賣
8096,40.330000000000005,34.84,59.6,41.46,35.47,58.45,-1.1299999999999955,-0.6299999999999955,1.1499999999999986,-3.719999999999999,續賣
910861,37.47,23.33,62.46,38.629999999999995,23.04,61.29,-1.1599999999999966,0.28999999999999915,1.1700000000000017,1.1499999999999915,下車
3609,52.6,34.35,47.34,53.769999999999996,34.43,46.150000000000006,-1.1699999999999946,-0.0799999999999983,1.1899999999999977,2.780000000000001,下車
3006,55.43000000000001,45.13,44.49,56.7,47.03,43.24,-1.269999999999996,-1.8999999999999986,1.25,-1.7800000000000011,續賣
3081,45.269999999999996,30.15,54.65,46.55,29.87,53.370000000000005,-1.2800000000000011,0.2799999999999976,1.279999999999994,-2.3800000000000026,續賣
00998A,28.66,25.44,71.28,29.95,26.9,70.0,-1.2899999999999991,-1.4599999999999973,1.2800000000000011,-7.010000000000002,續賣
3138,26.17,18.98,73.75,27.5,18.98,72.41,-1.3299999999999983,0.0,1.3400000000000034,-1.5899999999999999,續賣
00984D,42.82,26.53,57.11,44.15,27.68,55.78,-1.3299999999999983,-1.1499999999999986,1.3299999999999983,-1.1199999999999974,續賣
6224,41.78,28.28,58.14,43.120000000000005,28.93,56.81,-1.3400000000000034,-0.6499999999999986,1.3299999999999983,3.680000000000007,下車
0055,38.58,30.71,61.339999999999996,39.95,31.07,59.98,-1.3700000000000045,-0.35999999999999943,1.3599999999999994,-3.3699999999999974,續賣
3231,69.47,65.09,30.45,70.93,66.76,29.0,-1.460000000000008,-1.6700000000000017,1.4499999999999993,1.5100000000000051,下車
6226,31.11,24.96,68.82,32.59,24.98,67.35,-1.480000000000004,-0.019999999999999574,1.4699999999999989,5.600000000000001,下車
00642U,45.79,36.83,54.13,47.29,40.19,53.38,-1.5,-3.3599999999999994,0.75,4.809999999999995,下車
6620,62.25,50.58,37.68,63.76,50.19,36.17,-1.509999999999998,0.39000000000000057,1.509999999999998,3.1699999999999946,下車
2491,73.61,67.25,26.32,75.16,67.16,24.759999999999998,-1.5499999999999972,0.09000000000000341,1.5600000000000023,-1.6300000000000097,續賣
7949,97.4,97.4,2.55,98.99,97.49,1.0,-1.5899999999999892,-0.0899999999999892,1.5499999999999998,98.99,下車
00875,19.87,0.0,80.06,21.48,12.75,78.46,-1.6099999999999994,-12.75,1.6000000000000085,1.1800000000000033,下車
7911,63.09,48.59,36.84,64.7,49.09,35.25,-1.6099999999999994,-0.5,1.5900000000000034,-1.3500000000000085,續賣
4416,65.85,49.85,34.08,67.46000000000001,53.6,32.46,-1.6100000000000136,-3.75,1.6199999999999974,-2.859999999999985,續賣
4923,37.61,20.33,62.32,39.269999999999996,23.32,60.65,-1.6599999999999966,-2.990000000000002,1.6700000000000017,1.1599999999999966,下車
4127,71.74,65.58,28.2,73.44,65.41,26.48,-1.7000000000000028,0.1700000000000017,1.7199999999999989,-1.0499999999999972,續賣
2489,29.97,25.8,69.96000000000001,31.76,27.85,68.19,-1.7900000000000027,-2.0500000000000007,1.7700000000000102,1.5100000000000016,下車
6227,72.00999999999999,67.6,27.92,73.80999999999999,67.6,26.130000000000003,-1.7999999999999972,0.0,1.7899999999999991,3.4199999999999875,下車
00852L,49.16,41.93,50.78,50.97,36.02,48.97,-1.8100000000000023,5.909999999999997,1.8100000000000023,-17.320000000000007,續賣
3026,55.42,36.81,44.53,57.330000000000005,38.95,42.61,-1.9100000000000037,-2.1400000000000006,1.9200000000000017,2.3200000000000003,下車
00971,16.35,11.64,83.59,18.299999999999997,11.78,81.64,-1.9499999999999957,-0.1399999999999988,1.9500000000000028,1.6799999999999962,下車
4916,25.15,21.72,74.76,27.14,22.36,72.79,-1.990000000000002,-0.6400000000000006,1.9699999999999989,2.289999999999999,下車
2493,50.33,39.27,49.59,52.39,42.59,47.54,-2.0600000000000023,-3.3200000000000003,2.0500000000000043,2.4000000000000057,下車
1709,70.92,62.12,29.01,73.03999999999999,64.24,26.89,-2.1199999999999903,-2.1199999999999974,2.120000000000001,2.089999999999989,下車
6727,23.31,4.47,76.61,25.87,4.8,74.14,-2.5600000000000023,-0.33000000000000007,2.469999999999999,2.3200000000000003,下車
3167,52.89,41.64,47.04,55.54,41.67,44.38,-2.6499999999999986,-0.030000000000001137,2.6599999999999966,2.240000000000002,下車
00961,9.98,4.55,90.28999999999999,12.71,7.47,87.23,-2.7300000000000004,-2.92,3.059999999999988,4.890000000000001,下車
00656R,73.78999999999999,46.73,26.13,76.71000000000001,46.86,23.2,-2.920000000000016,-0.13000000000000256,2.9299999999999997,2.0,下車
00956,17.869999999999997,11.87,82.06,20.96,11.76,78.97,-3.0900000000000034,0.10999999999999943,3.0900000000000034,-1.0499999999999972,續賣
00962,8.75,3.18,91.15,11.93,7.16,88.01,-3.1799999999999997,-3.98,3.1400000000000006,1.709999999999999,下車
8084,57.28,47.05,42.65,60.52,48.59,39.41,-3.240000000000002,-1.5400000000000063,3.240000000000002,-1.4099999999999966,續賣
00715L,56.64,49.51,43.43,59.93,53.68,40.05,-3.289999999999999,-4.170000000000002,3.3800000000000026,6.93,下車
5314,40.949999999999996,36.55,58.980000000000004,44.44,40.03,55.480000000000004,-3.490000000000002,-3.480000000000004,3.5,4.960000000000001,下車
00990B,34.15,24.52,65.78999999999999,38.120000000000005,31.12,61.81,-3.970000000000006,-6.600000000000001,3.9799999999999898,-2.6599999999999895,續賣
8103,46.0,27.56,53.91,50.75,33.79,49.17,-4.75,-6.23,4.739999999999995,1.7000000000000028,下車
6179,44.24,33.99,55.68,50.22,40.35,49.7,-5.979999999999997,-6.359999999999999,5.979999999999997,7.269999999999996,下車
6667,48.72,44.14,51.23,54.9,50.43,45.03,-6.18,-6.289999999999999,6.199999999999996,3.9499999999999957,下車
8157,78.63000000000001,73.65,21.31,100.0,100.0,0.0,-21.36999999999999,-26.349999999999994,21.31,21.36,下車
8277O,0.0,0.0,0.0,21.77,15.74,78.16,-21.77,-15.74,-78.16,21.77,下車
8059,71.55,67.57,28.39,100.0,100.0,0.0,-28.450000000000003,-32.43000000000001,28.39,27.02000000000001,下車
2321,71.42999999999999,67.91,28.52,100.0,100.0,0.0,-28.570000000000007,-32.09,28.52,28.659999999999997,下車
5271O,0.0,0.0,0.0,29.509999999999998,20.52,70.41,-29.509999999999998,-20.52,-70.41,29.509999999999998,下車
3710O,0.0,0.0,0.0,32.879999999999995,22.16,67.04,-32.879999999999995,-22.16,-67.04,32.879999999999995,下車
3356O,0.0,0.0,0.0,34.84,29.28,65.10000000000001,-34.84,-29.28,-65.10000000000001,34.84,下車
3591,52.43,45.6,47.489999999999995,100.0,100.0,0.0,-47.57,-54.4,47.489999999999995,45.53,下車
3591O,0.0,0.0,0.0,53.68,47.2,46.26,-53.68,-47.2,-46.26,53.68,下車
3356,34.5,27.84,65.42999999999999,100.0,100.0,0.0,-65.5,-72.16,65.42999999999999,64.41,下車
3688O,0.0,0.0,0.0,67.86999999999999,65.63,32.04,-67.86999999999999,-65.63,-32.04,67.86999999999999,下車
2321O,0.0,0.0,0.0,71.37,71.37,28.59,-71.37,-71.37,-28.59,71.37,下車
5271,27.32,16.66,72.6,100.0,100.0,0.0,-72.68,-83.34,72.6,70.51,下車
8059O,0.0,0.0,0.0,73.01,69.37,26.92,-73.01,-69.37,-26.92,73.01,下車
3710,26.0,16.67,73.92,100.0,100.0,0.0,-74.0,-83.33,73.92,67.22,下車
6536O,0.0,0.0,0.0,74.31,58.26,25.62,-74.31,-58.26,-25.62,74.31,下車
8157O,0.0,0.0,0.0,78.64,78.64,21.29,-78.64,-78.64,-21.29,78.64,下車
8277,15.9,13.48,84.03999999999999,100.0,100.0,0.0,-84.1,-86.52,84.03999999999999,79.01,下車
