證券代號,證券名稱,融資今日餘額,融資前日餘額,融資增減,融券今日餘額,融券前日餘額,融券增減,券資比
00400A,主動國泰動能高息,11242,9787,1455,0,0,0,0.0
00401A,主動摩根台灣鑫收,1350,1330,20,0,0,0,0.0
00402A,主動安聯美國科技,1837,1830,7,1,1,0,0.05
00403A,主動統一升級50,91902,92105,-203,3530,3401,129,3.84
00404A,主動聯博動能50,1127,1236,-109,0,0,0,0.0
00405A,主動富邦台灣龍耀,20527,20977,-450,638,665,-27,3.11
00406A,主動中信台灣收益,46488,45947,541,1093,1183,-90,2.35
00407A,主動凱基台灣,27722,27827,-105,300,300,0,1.08
00408A,主動第一金優股息,168,167,1,2,1,1,1.19
00409A,主動復華全球50,5595,4854,741,10,0,10,0.18
00410A,主動永豐科技趨勢,3956,3794,162,3,2,1,0.08
0050,元大台灣50,18185,18512,-327,585,594,-9,3.22
0051,元大中型100,3,3,0,0,0,0,0.0
0052,富邦科技,8341,8501,-160,40,47,-7,0.48
0053,元大電子,14,15,-1,0,0,0,0.0
0055,元大MSCI金融,168,176,-8,6,3,3,3.57
0056,元大高股息,3359,3632,-273,209,215,-6,6.22
0057,富邦摩台,0,0,0,0,0,0,0.0
0061,元大寶滬深,15,12,3,0,0,0,0.0
006203,元大MSCI台灣,2,2,0,0,0,0,0.0
006204,永豐臺灣加權,0,0,0,0,0,0,0.0
006205,富邦上証,86,87,-1,0,0,0,0.0
006206,元大上證50,8,8,0,0,0,0,0.0
006207,復華滬深,2,2,0,0,0,0,0.0
006208,富邦台50,278,283,-5,1,1,0,0.36
00631L,元大台灣50正2,194043,202660,-8617,19840,18629,1211,10.22
00632R,元大台灣50反1,288879,291604,-2725,5981,6223,-242,2.07
00633L,富邦上証正2,7868,8022,-154,605,590,15,7.69
00634R,富邦上証反1,2174,2173,1,0,0,0,0.0
00635U,期元大S&P黃金,8037,8207,-170,245,241,4,3.05
00636,國泰中國A50,172,172,0,0,0,0,0.0
00637L,元大滬深300正2,87497,88845,-1348,5732,5681,51,6.55
00638R,元大滬深300反1,830,830,0,4,4,0,0.48
00639,富邦深100,356,376,-20,8,8,0,2.25
00640L,富邦日本正2,149,144,5,36,36,0,24.16
00641R,富邦日本反1,9790,10035,-245,575,571,4,5.87
00642U,期元大S&P石油,1689,2065,-376,1138,1072,66,67.38
00643,群益深証中小,486,496,-10,0,0,0,0.0
00645,富邦日本,38,38,0,0,0,0,0.0
00646,元大S&P500,73,63,10,2,2,0,2.74
00647L,元大S&P500正2,39,39,0,0,0,0,0.0
00648R,元大S&P500反1,10312,10313,-1,105,105,0,1.02
00650L,復華香港正2,11251,10914,337,1080,1009,71,9.6
00651R,復華香港反1,1464,1463,1,56,56,0,3.83
00652,富邦印度,35,33,2,0,0,0,0.0
00653L,富邦印度正2,2205,2210,-5,0,0,0,0.0
00654R,富邦印度反1,628,628,0,62,62,0,9.87
00655L,國泰中國A50正2,2173,2252,-79,209,209,0,9.62
00656R,國泰中國A50反1,132,132,0,0,0,0,0.0
00657,國泰日經225,0,0,0,0,0,0,0.0
00660,元大歐洲50,0,0,0,0,0,0,0.0
00661,元大日經225,7,7,0,0,0,0,0.0
00662,富邦NASDAQ,1699,1698,1,0,0,0,0.0
00663L,國泰臺灣加權正2,8528,8793,-265,1707,1532,175,20.02
00664R,國泰臺灣加權反1,72371,71637,734,517,518,-1,0.71
00665L,富邦恒生國企正2,53862,55381,-1519,804,750,54,1.49
00666R,富邦恒生國企反1,702,1169,-467,7,7,0,1.0
00668,國泰美國道瓊,2,2,0,0,0,0,0.0
00669R,國泰美國道瓊反1,13627,13518,109,60,60,0,0.44
00670L,富邦NASDAQ正2,1273,1266,7,155,153,2,12.18
00671R,富邦NASDAQ反1,119639,119956,-317,2476,2399,77,2.07
00673R,期元大S&P原油反1,113589,91429,22160,2179,5180,-3001,1.92
00674R,期元大S&P黃金反1,108,107,1,2,4,-2,1.85
00675L,富邦臺灣加權正2,2590,2653,-63,289,286,3,11.16
00676R,富邦臺灣加權反1,23709,23537,172,214,247,-33,0.9
00678,群益那斯達克生技,10,10,0,0,0,0,0.0
00680L,元大美債20正2,64733,64738,-5,432,431,1,0.67
00681R,元大美債20反1,3,3,0,0,0,0,0.0
00682U,期元大美元指數,4,3,1,0,0,0,0.0
00683L,期元大美元指正2,75,75,0,0,0,0,0.0
00684R,期元大美元指反1,21,21,0,0,0,0,0.0
00685L,群益臺灣加權正2,150621,152932,-2311,15440,14277,1163,10.25
00686R,群益臺灣加權反1,18039,18032,7,94,80,14,0.52
00688L,國泰20年美債正2,26772,27683,-911,17,17,0,0.06
00689R,國泰20年美債反1,0,0,0,0,0,0,0.0
00690,兆豐藍籌30,74,78,-4,0,0,0,0.0
00692,富邦公司治理,53,53,0,0,0,0,0.0
00693U,期街口S&P黃豆,2303,2459,-156,5,5,0,0.22
00700,富邦恒生國企,144,146,-2,0,0,0,0.0
00701,國泰股利精選30,3,6,-3,0,0,0,0.0
00702,國泰標普低波高息,0,0,0,0,0,0,0.0
00703,台新MSCI中國,1,1,0,0,0,0,0.0
00706L,期元大S&P日圓正2,2796,3812,-1016,492,475,17,17.6
00707R,期元大S&P日圓反1,0,0,0,0,0,0,0.0
00708L,期元大S&P黃金正2,21292,21404,-112,608,603,5,2.86
00709,富邦歐洲,2,2,0,0,0,0,0.0
00710B,復華彭博非投等債,0,0,0,0,0,0,0.0
00711B,復華彭博新興債,3,3,0,0,0,0,0.0
00712,復華富時不動產,17540,18301,-761,0,2,-2,0.0
00713,元大台灣高息低波,260,224,36,0,0,0,0.0
00714,群益道瓊美國地產,31,31,0,0,0,0,0.0
00715L,期街口布蘭特正2,5934,6240,-306,5988,6045,-57,100.91
00717,富邦美國特別股,0,0,0,0,0,0,0.0
00728,第一金工業30,57,57,0,0,0,0,0.0
00730,富邦臺灣優質高息,1,1,0,0,0,0,0.0
00731,復華富時高息低波,0,0,0,0,0,0,0.0
00733,富邦臺灣中小,54,58,-4,0,0,0,0.0
00735,國泰臺韓科技,5120,5172,-52,440,442,-2,8.59
00736,國泰新興市場,0,0,0,0,0,0,0.0
00737,國泰AI機器人,52,53,-1,0,0,0,0.0
00738U,期元大道瓊白銀,14463,13688,775,393,393,0,2.72
00739,元大MSCI A股,0,0,0,0,0,0,0.0
00752,中信中國50,370,350,20,2,2,0,0.54
00753L,中信中國50正2,71156,73426,-2270,945,914,31,1.33
00757,統一FANG+,275,290,-15,4,3,1,1.45
00762,元大全球AI,79,79,0,0,0,0,0.0
00763U,期街口道瓊銅,2123,2125,-2,0,0,0,0.0
00770,國泰北美科技,61,47,14,0,0,0,0.0
00771,元大US高息特別股,1,1,0,0,0,0,0.0
00775B,台新投等債15+,0,0,0,0,0,0,0.0
00783,富邦中証500,338,338,0,0,0,0,0.0
00830,國泰費城半導體,8314,8187,127,336,349,-13,4.04
00850,元大臺灣ESG永續,14,14,0,0,0,0,0.0
00851,台新全球AI,1,1,0,0,0,0,0.0
00852L,國泰美國道瓊正2,45,71,-26,54,54,0,120.0
00861,元大全球未來通訊,35,35,0,0,0,0,0.0
00865B,國泰US短期公債,8,19,-11,0,0,0,0.0
00875,國泰網路資安,13,13,0,0,0,0,0.0
00876,元大全球5G,11,11,0,0,0,0,0.0
00878,國泰永續高股息,4335,4862,-527,131,122,9,3.02
00881,國泰台灣科技龍頭,8057,8191,-134,77,60,17,0.96
00882,中信中國高股息,2295,2570,-275,5,5,0,0.22
00885,富邦越南,2354,713,1641,128,128,0,5.44
00891,中信關鍵半導體,6618,6561,57,27,27,0,0.41
00892,富邦台灣半導體,1290,1308,-18,5,7,-2,0.39
00893,國泰智能電動車,88,90,-2,18,18,0,20.45
00894,中信小資高價30,293,299,-6,0,0,0,0.0
00895,富邦未來車,88,91,-3,8,8,0,9.09
00896,中信綠能及電動車,2042,1897,145,0,5,-5,0.0
00897,富邦基因免疫生技,160,172,-12,0,0,0,0.0
00898,國泰基因免疫革命,858,858,0,5,5,0,0.58
00899,FT潔淨能源,50,49,1,0,0,0,0.0
00900,富邦特選高股息30,160,161,-1,0,0,0,0.0
00901,永豐智能車供應鏈,2,2,0,0,0,0,0.0
00902,中信電池及儲能,2452,2453,-1,6,6,0,0.24
00903,富邦元宇宙,16,16,0,0,0,0,0.0
00904,台新臺灣半導體30,396,395,1,0,0,0,0.0
00905,FT臺灣Smart,432,425,7,0,0,0,0.0
00907,永豐優息存股,72,73,-1,0,0,0,0.0
00908,富邦入息REITs+,0,0,0,0,0,0,0.0
00909,國泰數位支付服務,1064,1190,-126,4,1,3,0.38
00910,第一金太空衛星,1827,1807,20,3,3,0,0.16
00911,兆豐洲際半導體,240,233,7,1,0,1,0.42
00912,中信臺灣智慧50,16,16,0,0,0,0,0.0
00913,兆豐台灣晶圓製造,463,472,-9,1,1,0,0.22
00915,凱基優選高股息30,121,114,7,0,0,0,0.0
00916,國泰全球品牌50,455,463,-8,0,0,0,0.0
00917,中信特選金融,92,92,0,0,0,0,0.0
00918,大華優利高填息30,13243,13174,69,12,14,-2,0.09
00919,群益台灣精選高息,13568,12701,867,64,63,1,0.47
00920,富邦ESG綠色電力,12,12,0,0,0,0,0.0
00921,兆豐龍頭等權重,78,73,5,0,0,0,0.0
00922,國泰台灣領袖50,1199,1255,-56,8,9,-1,0.67
00923,群益台ESG低碳50,2264,2279,-15,2,2,0,0.09
00924,復華S&P500成長,126,123,3,0,0,0,0.0
00926,凱基全球菁英55,21,21,0,0,0,0,0.0
00927,群益半導體收益,11089,11212,-123,27,25,2,0.24
00929,復華台灣科技優息,7948,7742,206,2,2,0,0.03
00930,永豐ESG低碳高息,122,123,-1,0,0,0,0.0
00932,兆豐永續高息等權,20,19,1,0,0,0,0.0
00934,中信成長高股息,666,649,17,8,8,0,1.2
00935,野村臺灣新科技50,6586,6237,349,97,111,-14,1.47
00936,台新永續高息中小,21,11,10,0,0,0,0.0
00938,凱基優選30,5,5,0,0,0,0,0.0
00939,統一台灣高息動能,191,251,-60,0,0,0,0.0
00940,元大台灣價值高息,1238,1264,-26,0,0,0,0.0
00941,中信上游半導體,204,201,3,0,0,0,0.0
00943,兆豐電子高息等權,25,25,0,0,0,0,0.0
00944,野村趨勢動能高息,6,6,0,0,0,0,0.0
00945B,凱基美國非投等債,186,197,-11,0,0,0,0.0
00946,群益科技高息成長,517,513,4,0,0,0,0.0
00947,台新臺灣IC設計,5161,5508,-347,38,42,-4,0.74
00949,復華日本龍頭,97,99,-2,0,0,0,0.0
00951,台新日本半導體,1610,1628,-18,4,4,0,0.25
00952,凱基台灣AI50,2035,2076,-41,0,0,0,0.0
00953B,群益優選非投等債,93420,93915,-495,0,0,0,0.0
00954,中信日本半導體,1766,1869,-103,2,2,0,0.11
00956,中信日經高股息,25,25,0,0,0,0,0.0
00960,野村全球航運龍頭,172,223,-51,0,0,0,0.0
00961,FT臺灣永續高息,6874,6343,531,0,0,0,0.0
00962,台新AI優息動能,257,250,7,0,0,0,0.0
00963,中信全球高股息,148,150,-2,0,0,0,0.0
00964,中信亞太高股息,47,46,1,0,0,0,0.0
00965,元大航太防衛科技,1134,1134,0,41,41,0,3.62
00971,野村美國研發龍頭,13,23,-10,0,0,0,0.0
00972,野村日本動能高息,0,0,0,0,0,0,0.0
009800,中信NASDAQ,1353,1415,-62,10,10,0,0.74
009801,中信美國創新科技,76,79,-3,0,0,0,0.0
009802,富邦旗艦50,2963,3132,-169,2,2,0,0.07
009803,玉山市值動能50,596,576,20,1,1,0,0.17
009804,聯邦台精彩50,412,412,0,0,0,0,0.0
009805,台新美國電力基建,6553,6502,51,0,0,0,0.0
009808,華南永昌優選50,3,3,0,0,0,0,0.0
009809,富邦淨零ESG50,3,3,0,0,0,0,0.0
00980A,主動野村臺灣優選,3567,3932,-365,31,24,7,0.87
009810,玉山全球藍籌100,4,3,1,0,0,0,0.0
009811,統一美國50,31,34,-3,35,35,0,112.9
009812,野村日本東證,2,2,0,0,0,0,0.0
009813,貝萊德標普卓越50,59,59,0,0,0,0,0.0
009816,凱基台灣TOP50,23331,23616,-285,636,622,14,2.73
009817,國泰日本不動產,59,49,10,0,0,0,0.0
009818,華南永昌NASDAQxT,33,23,10,0,0,0,0.0
009819,中信數據及電力,4333,4337,-4,1,1,0,0.02
00981A,主動統一台股增長,175619,169411,6208,3323,3817,-494,1.89
00981T,平衡凱基雙核收息,89,89,0,0,0,0,0.0
009820,元大納斯達克精選,2960,2990,-30,0,0,0,0.0
009821,野村稀土關鍵資源,2661,2655,6,3,2,1,0.11
009824,群益美國科技巨頭,1260,1270,-10,6,6,0,0.48
009826,貝萊德世界股票,7563,7562,1,0,0,0,0.0
009827,玉山未來全球算力,687,674,13,0,0,0,0.0
009828,中信台日韓PCB,18093,12576,5517,216,640,-424,1.19
009829,大華韓國KOSPI50,19399,19278,121,98,102,-4,0.51
00982A,主動群益台灣強棒,11682,11659,23,29,14,15,0.25
00982D,主動富邦動態入息,117,117,0,0,0,0,0.0
00982T,平衡兆豐台美動能,25,23,2,0,0,0,0.0
00983A,主動中信ARK創新,526,519,7,6,6,0,1.14
00983D,主動富邦複合收益,122,121,1,0,0,0,0.0
00984A,主動安聯台灣高息,1220,1216,4,2,2,0,0.16
00984D,主動聯博全球非投,17780,17680,100,0,0,0,0.0
00985A,主動野村台灣50,2390,2371,19,72,74,-2,3.01
00985B,群益ESG投等債0-5,250,250,0,0,0,0,0.0
00986A,主動台新龍頭成長,55,54,1,0,0,0,0.0
00987A,主動台新優勢成長,1528,1526,2,12,14,-2,0.79
00988A,主動統一全球創新,53765,53969,-204,139,139,0,0.26
00989A,主動摩根美國科技,99,98,1,0,0,0,0.0
00990A,主動元大AI新經濟,16457,16579,-122,214,212,2,1.3
00991A,主動復華未來50,127606,128911,-1305,1279,1032,247,1.0
00991B,貝萊德A級公司債,0,0,0,0,0,0,0.0
00992A,主動群益科技創新,18920,18799,121,573,504,69,3.03
00993A,主動安聯台灣,1023,1089,-66,23,23,0,2.25
00994A,主動第一金台股優,1506,1560,-54,3,11,-8,0.2
00995A,主動中信台灣卓越,1961,2025,-64,15,16,-1,0.76
00996A,主動兆豐台灣豐收,3332,3333,-1,6,12,-6,0.18
00997A,主動群益美國增長,10925,10934,-9,0,0,0,0.0
00999A,主動野村臺灣高息,1790,1830,-40,1,3,-2,0.06
1101,台泥,37525,37167,358,45,45,0,0.12
1102,亞泥,845,977,-132,19,25,-6,2.25
1103,嘉泥,4211,4211,0,0,0,0,0.0
1104,環泥,1783,1793,-10,0,0,0,0.0
1108,幸福,421,403,18,44,44,0,10.45
1109,信大,283,283,0,0,0,0,0.0
1110,東泥,2608,2612,-4,0,0,0,0.0
1201,味全,1462,1462,0,0,0,0,0.0
1203,味王,21,21,0,0,0,0,0.0
1210,大成,564,592,-28,1,1,0,0.18
1213,大飲,0,0,0,0,0,0,0.0
1215,卜蜂,513,515,-2,0,0,0,0.0
1216,統一,864,836,28,1,6,-5,0.12
1217,愛之味,2007,2009,-2,8,9,-1,0.4
1218,泰山,1699,1756,-57,21,21,0,1.24
1219,福壽,387,384,3,1,1,0,0.26
1220,台榮,745,745,0,18,18,0,2.42
1225,福懋油,6766,6766,0,0,0,0,0.0
1227,佳格,1258,1273,-15,0,0,0,0.0
1229,聯華,2837,2810,27,16,16,0,0.56
1231,聯華食,255,281,-26,1,1,0,0.39
1232,大統益,165,169,-4,2,0,2,1.21
1233,天仁,69,69,0,0,0,0,0.0
1234,黑松,9,9,0,0,0,0,0.0
1235,興泰,1153,1153,0,0,0,0,0.0
1236,宏亞,138,147,-9,0,0,0,0.0
1256,鮮活果汁-KY,325,316,9,1,1,0,0.31
1301,台塑,17269,16793,476,969,1007,-38,5.61
1303,南亞,41730,41607,123,1803,1884,-81,4.32
1304,台聚,9789,9678,111,71,75,-4,0.73
1305,華夏,6280,6473,-193,31,45,-14,0.49
1307,三芳,1288,1295,-7,0,0,0,0.0
1308,亞聚,6052,5967,85,31,30,1,0.51
1309,台達化,7640,7607,33,52,46,6,0.68
1310,台苯,11462,11380,82,58,74,-16,0.51
1312,國喬,40543,40280,263,401,540,-139,0.99
1313,聯成,10636,10604,32,42,64,-22,0.39
1314,中石化,62947,62809,138,51,53,-2,0.08
1315,達新,80,80,0,0,0,0,0.0
1316,上曜,10929,10957,-28,153,163,-10,1.4
1319,東陽,6872,6901,-29,3,4,-1,0.04
1321,大洋,7174,7172,2,1,1,0,0.01
1323,永裕,77,77,0,0,0,0,0.0
1324,地球,1260,1260,0,0,0,0,0.0
1325,恆大,2156,2154,2,26,30,-4,1.21
1326,台化,22713,23698,-985,445,431,14,1.96
1337,再生-KY,21507,21506,1,0,0,0,0.0
1338,廣華-KY,4064,4046,18,0,0,0,0.0
1339,昭輝,1004,996,8,0,0,0,0.0
1340,勝悅-KY,988,1000,-12,0,0,0,0.0
1342,八貫,499,515,-16,3,3,0,0.6
1402,遠東新,7898,7901,-3,76,84,-8,0.96
1409,新纖,22397,22431,-34,15,12,3,0.07
1410,南染,210,208,2,0,0,0,0.0
1413,宏洲,0,0,0,0,0,0,0.0
1414,東和,845,801,44,0,0,0,0.0
1416,廣豐,5716,5753,-37,48,48,0,0.84
1417,嘉裕,2076,2076,0,0,0,0,0.0
1418,東華,772,772,0,0,0,0,0.0
1419,新紡,1212,1216,-4,0,0,0,0.0
1423,利華,84,84,0,0,0,0,0.0
1432,大魯閣,153,155,-2,0,0,0,0.0
1434,福懋,4253,4154,99,0,0,0,0.0
1435,中福,0,0,0,0,0,0,0.0
1436,華友聯,910,914,-4,2,2,0,0.22
1437,勤益控,3254,3254,0,0,0,0,0.0
1438,三地開發,165,160,5,0,0,0,0.0
1439,雋揚,994,993,1,5,5,0,0.5
1440,南紡,5601,5690,-89,2,2,0,0.04
1441,大東,0,0,0,0,0,0,0.0
1442,名軒,2555,2606,-51,1,1,0,0.04
1443,立益物流,8,8,0,0,0,0,0.0
1444,力麗,823,810,13,0,3,-3,0.0
1445,大宇,1278,1278,0,3,3,0,0.23
1446,宏和,1530,1519,11,0,0,0,0.0
1447,力鵬,600,600,0,0,0,0,0.0
1449,佳和,2889,2948,-59,5,5,0,0.17
1451,年興,590,590,0,0,0,0,0.0
1452,宏益,106,106,0,0,0,0,0.0
1453,大將,834,834,0,0,0,0,0.0
1454,台富,2174,2174,0,0,0,0,0.0
1455,集盛,3375,3323,52,5,5,0,0.15
1456,怡華,789,786,3,0,0,0,0.0
1457,宜進,635,635,0,1,1,0,0.16
1459,聯發,293,288,5,0,0,0,0.0
1460,宏遠,0,0,0,0,0,0,0.0
1463,強盛新,498,501,-3,0,0,0,0.0
1464,得力,1947,1958,-11,0,0,0,0.0
1465,偉全,2969,3001,-32,0,0,0,0.0
1466,聚隆,2870,2851,19,0,0,0,0.0
1467,南緯,7004,7010,-6,1,1,0,0.01
1468,昶和,0,0,0,0,0,0,0.0
1470,大統新創,4,5,-1,0,0,0,0.0
1471,首利,0,0,0,0,0,0,0.0
1472,三洋實業,3587,3587,0,3,3,0,0.08
1473,台南,819,820,-1,2,2,0,0.24
1474,弘裕,3098,3099,-1,0,0,0,0.0
1475,業旺,465,465,0,0,0,0,0.0
1476,儒鴻,1294,1309,-15,19,19,0,1.47
1477,聚陽,1816,1835,-19,10,9,1,0.55
1503,士電,3119,3140,-21,15,14,1,0.48
1504,東元,27409,27358,51,132,135,-3,0.48
1506,正道,0,0,0,0,0,0,0.0
1512,瑞利,0,0,0,0,0,0,0.0
1513,中興電,6933,7013,-80,13,14,-1,0.19
1514,亞力,6212,6258,-46,66,76,-10,1.06
1515,力山,2867,2890,-23,6,5,1,0.21
1516,川飛,2,2,0,0,0,0,0.0
1517,利奇,1731,1733,-2,3,3,0,0.17
1519,華城,3998,4024,-26,63,38,25,1.58
1521,大億,456,451,5,0,0,0,0.0
1522,堤維西,3562,3624,-62,31,1,30,0.87
1524,耿鼎,3615,3621,-6,3,3,0,0.08
1525,江申,208,209,-1,0,0,0,0.0
1526,日馳,661,640,21,6,6,0,0.91
1527,鑽全,449,449,0,0,0,0,0.0
1528,恩德,5444,5493,-49,31,31,0,0.57
1529,樂事綠能,3065,3069,-4,727,722,5,23.72
1530,亞崴,247,247,0,0,0,0,0.0
1531,高林股,1561,1571,-10,9,9,0,0.58
1532,勤美,2775,2779,-4,0,0,0,0.0
1533,車王電,531,534,-3,2,2,0,0.38
1535,中宇,53,52,1,0,0,0,0.0
1536,和大,6285,6346,-61,129,130,-1,2.05
1537,廣隆,59,59,0,0,0,0,0.0
1538,正峰,0,0,0,0,0,0,0.0
1539,巨庭,1209,1212,-3,0,0,0,0.0
1540,喬福,1418,1421,-3,2,1,1,0.14
1541,錩泰,110,110,0,0,0,0,0.0
1558,伸興,164,172,-8,0,0,0,0.0
1560,中砂,1405,1313,92,19,26,-7,1.35
1563,巧新,4143,4143,0,0,0,0,0.0
1568,倉佑,2013,2019,-6,1,1,0,0.05
1582,信錦,3680,3688,-8,4,2,2,0.11
1583,程泰,70,70,0,0,0,0,0.0
1587,吉茂,1664,1667,-3,0,0,0,0.0
1589,永冠-KY,628,628,0,0,0,0,0.0
1590,亞德客-KY,130,129,1,0,0,0,0.0
1597,直得,4032,3501,531,52,46,6,1.29
1598,岱宇,2134,2153,-19,0,0,0,0.0
1603,華電,1919,1971,-52,0,0,0,0.0
1604,聲寶,218,229,-11,0,0,0,0.0
1605,華新,42080,41928,152,1230,1199,31,2.92
1608,華榮,7174,7135,39,50,48,2,0.7
1609,大亞,12204,12286,-82,13,13,0,0.11
1611,中電,3263,3266,-3,9,66,-57,0.28
1612,宏泰,1805,1818,-13,0,0,0,0.0
1614,三洋電,300,300,0,0,0,0,0.0
1615,大山,113,116,-3,0,0,0,0.0
1616,億泰,2655,2653,2,0,0,0,0.0
1617,榮星,1730,1715,15,3,3,0,0.17
1618,合機,3272,3249,23,0,0,0,0.0
1623,大東電,190,181,9,0,0,0,0.0
1626,艾美特-KY,1623,1623,0,0,0,0,0.0
1702,南僑,263,265,-2,0,0,0,0.0
1707,葡萄王,347,344,3,0,0,0,0.0
1708,東鹼,6703,6797,-94,53,53,0,0.79
1709,和益,30742,31114,-372,51,77,-26,0.17
1710,東聯,11980,11440,540,78,101,-23,0.65
1711,永光,17571,17726,-155,216,244,-28,1.23
1712,興農,511,503,8,0,0,0,0.0
1713,國化,2565,3064,-499,0,0,0,0.0
1714,和桐,21829,22024,-195,37,134,-97,0.17
1717,長興,16691,16491,200,549,663,-114,3.29
1718,中纖,21700,22055,-355,120,130,-10,0.55
1720,生達,290,290,0,0,0,0,0.0
1721,三晃,125,125,0,0,0,0,0.0
1722,台肥,3015,2938,77,0,0,0,0.0
1723,中碳,576,737,-161,0,7,-7,0.0
1725,元禎,247,252,-5,0,0,0,0.0
1726,永記,24,24,0,0,0,0,0.0
1727,中華化,6531,6612,-81,297,256,41,4.55
1730,花仙子,7,7,0,0,0,0,0.0
1731,美吾華,280,279,1,0,0,0,0.0
1732,毛寶,740,740,0,1,1,0,0.14
1733,五鼎,2268,2326,-58,6,6,0,0.26
1734,杏輝,308,308,0,0,0,0,0.0
1735,日勝化,690,691,-1,0,0,0,0.0
1736,喬山,1784,1790,-6,1,1,0,0.06
1737,臺鹽,80,80,0,0,0,0,0.0
1752,南光,311,307,4,0,0,0,0.0
1760,寶齡富錦,1025,990,35,10,10,0,0.98
1762,中化生,820,837,-17,1,1,0,0.12
1773,勝一,1270,1250,20,1,1,0,0.08
1776,展宇,639,639,0,1,1,0,0.16
1783,和康生,429,432,-3,0,0,0,0.0
1786,科妍,4899,4922,-23,1,20,-19,0.02
1789,神隆,3272,3266,6,3,3,0,0.09
1795,美時,8535,8492,43,35,11,24,0.41
1802,台玻,35913,35762,151,1656,1866,-210,4.61
1805,寶徠,1410,1410,0,0,0,0,0.0
1806,冠軍,2537,2538,-1,0,0,0,0.0
1808,潤隆,5040,4935,105,3,4,-1,0.06
1809,中釉,5423,5432,-9,39,42,-3,0.72
1810,和成,20852,20779,73,49,39,10,0.23
1817,凱撒衛,24,24,0,0,0,0,0.0
1903,士紙,2284,2322,-38,0,0,0,0.0
1904,正隆,4773,4598,175,34,35,-1,0.71
1905,華紙,12069,11980,89,21,23,-2,0.17
1906,寶隆,7077,7076,1,0,0,0,0.0
1907,永豐餘,24021,23995,26,5,5,0,0.02
1909,榮成,10789,10708,81,39,39,0,0.36
2002,中鋼,39848,39530,318,99,93,6,0.25
2006,東和鋼鐵,1051,1010,41,8,7,1,0.76
2007,燁興,5,5,0,0,0,0,0.0
2008,高興昌,92,93,-1,0,0,0,0.0
2009,第一銅,6179,6120,59,38,43,-5,0.61
2010,春源,1769,1769,0,1,1,0,0.06
2012,春雨,205,209,-4,0,0,0,0.0
2013,中鋼構,1397,1397,0,0,0,0,0.0
2014,中鴻,896,904,-8,0,0,0,0.0
2015,豐興,30,30,0,0,0,0,0.0
2017,官田鋼,8184,8240,-56,0,0,0,0.0
2020,美亞,651,651,0,0,0,0,0.0
2022,聚亨,2055,2064,-9,0,0,0,0.0
2023,燁輝,2624,2696,-72,4,4,0,0.15
2024,志聯,67,67,0,0,0,0,0.0
2025,千興,469,445,24,0,0,0,0.0
2027,大成鋼,23756,23820,-64,420,411,9,1.77
2028,威致,1147,1148,-1,0,0,0,0.0
2029,盛餘,779,782,-3,0,0,0,0.0
2030,彰源,4105,3956,149,127,122,5,3.09
2031,新光鋼,2667,2670,-3,8,8,0,0.3
2032,新鋼,2238,2250,-12,0,0,0,0.0
2033,佳大,3177,3341,-164,84,64,20,2.64
2034,允強,2845,2915,-70,90,85,5,3.16
2038,海光,3563,3562,1,0,0,0,0.0
2049,上銀,3746,3855,-109,96,68,28,2.56
2059,川湖,720,723,-3,10,8,2,1.39
2062,橋椿,1283,1285,-2,1,1,0,0.08
2069,運錩,604,578,26,9,9,0,1.49
2101,南港,19352,19325,27,0,0,0,0.0
2102,泰豐,3247,3296,-49,142,142,0,4.37
2103,台橡,14511,14552,-41,88,86,2,0.61
2104,國際中橡,19634,19407,227,45,45,0,0.23
2105,正新,9374,9405,-31,27,27,0,0.29
2106,建大,3173,3179,-6,0,0,0,0.0
2107,厚生,120,120,0,0,0,0,0.0
2108,南帝,2146,2190,-44,40,40,0,1.86
2109,華豐,684,684,0,0,0,0,0.0
2114,鑫永銓,17,20,-3,0,0,0,0.0
2115,六暉-KY,470,471,-1,3,3,0,0.64
2201,裕隆,10702,10564,138,105,149,-44,0.98
2204,中華,1245,1253,-8,0,0,0,0.0
2206,三陽工業,3153,3151,2,1,1,0,0.03
2207,和泰車,47,58,-11,0,0,0,0.0
2208,台船,0,0,0,0,0,0,0.0
2211,長榮鋼,576,570,6,0,0,0,0.0
2228,劍麟,1492,1507,-15,0,0,0,0.0
2231,為升,2636,2631,5,136,146,-10,5.16
2233,宇隆,3448,3481,-33,61,69,-8,1.77
2236,百達-KY,11516,11537,-21,4,3,1,0.03
2239,英利-KY,1597,1603,-6,0,0,0,0.0
2241,艾姆勒,7863,7877,-14,16,17,-1,0.2
2243,宏旭-KY,1437,1424,13,7,7,0,0.49
2247,汎德永業,106,106,0,1,1,0,0.94
2248,華勝-KY,601,599,2,0,0,0,0.0
2250,IKKA-KY,1089,1082,7,0,0,0,0.0
2254,巨鎧精密-創,3346,3341,5,0,0,0,0.0
2301,光寶科,17732,18554,-822,335,322,13,1.89
2302,麗正,4271,4350,-79,140,142,-2,3.28
2303,聯電,170213,167321,2892,4944,4015,929,2.9
2305,全友,6782,6819,-37,105,70,35,1.55
2308,台達電,9106,9290,-184,34,40,-6,0.37
2312,金寶,42736,42995,-259,420,348,72,0.98
2313,華通,34334,34173,161,1364,1248,116,3.97
2314,台揚,0,0,0,0,0,0,0.0
2316,楠梓電,3934,3814,120,47,49,-2,1.19
2317,鴻海,54095,54027,68,531,463,68,0.98
2321,東訊,0,0,0,0,0,0,0.0
2323,中環,30318,30225,93,13,17,-4,0.04
2324,仁寶,51295,54375,-3080,1430,1084,346,2.79
2327,國巨*,43305,42120,1185,720,596,124,1.66
2328,廣宇,15862,15876,-14,108,120,-12,0.68
2329,華泰,13727,13734,-7,286,282,4,2.08
2330,台積電,28381,28459,-78,25,26,-1,0.09
2331,精英,9986,9994,-8,126,138,-12,1.26
2332,友訊,27576,27826,-250,364,313,51,1.32
2337,旺宏,87249,87075,174,2787,2975,-188,3.19
2338,光罩,5111,5072,39,57,87,-30,1.12
2340,台亞,7952,7816,136,64,59,5,0.8
2342,茂矽,3663,3632,31,37,41,-4,1.01
2344,華邦電,124669,124727,-58,4260,8573,-4313,3.42
2345,智邦,2322,2326,-4,23,22,1,0.99
2347,聯強,828,868,-40,10,10,0,1.21
2348,海悅,2151,2129,22,11,11,0,0.51
2349,錸德,0,0,0,0,0,0,0.0
2351,順德,14966,13972,994,396,342,54,2.65
2352,佳世達,15037,15535,-498,16,13,3,0.11
2353,宏碁,36450,37404,-954,2191,2218,-27,6.01
2354,鴻準,26353,25915,438,123,116,7,0.47
2355,敬鵬,8461,8482,-21,39,38,1,0.46
2356,英業達,27079,28042,-963,518,427,91,1.91
2357,華碩,1685,1716,-31,50,40,10,2.97
2359,所羅門,7598,7791,-193,318,318,0,4.19
2360,致茂,1407,1340,67,13,13,0,0.92
2362,藍天,2721,2798,-77,7,16,-9,0.26
2363,矽統,17839,17853,-14,40,30,10,0.22
2364,倫飛,896,933,-37,11,11,0,1.23
2365,昆盈,8740,8758,-18,39,38,1,0.45
2367,燿華,23745,23817,-72,391,397,-6,1.65
2368,金像電,7890,8016,-126,65,91,-26,0.82
2369,菱生,13339,13409,-70,108,113,-5,0.81
2371,大同,43736,43772,-36,989,963,26,2.26
2373,震旦行,45,45,0,0,0,0,0.0
2374,佳能,16065,16001,64,32,28,4,0.2
2375,凱美,6440,6426,14,152,149,3,2.36
2376,技嘉,6731,6371,360,200,191,9,2.97
2377,微星,12769,13775,-1006,83,46,37,0.65
2379,瑞昱,2609,2634,-25,0,0,0,0.0
2380,虹光,0,0,0,0,0,0,0.0
2382,廣達,14834,14594,240,86,60,26,0.58
2383,台光電,2137,2055,82,1,0,1,0.05
2385,群光,2748,2832,-84,11,4,7,0.4
2387,精元,1213,1218,-5,0,0,0,0.0
2388,威盛,10442,10102,340,297,105,192,2.84
2390,云辰,2132,2062,70,0,0,0,0.0
2392,正崴,3883,3949,-66,47,39,8,1.21
2393,億光,2151,2132,19,25,25,0,1.16
2395,研華,1780,1722,58,56,38,18,3.15
2397,友通,1571,1559,12,0,0,0,0.0
2399,映泰,11283,11085,198,425,262,163,3.77
2401,凌陽,7990,8082,-92,93,80,13,1.16
2402,毅嘉,12234,12213,21,105,105,0,0.86
2404,漢唐,2451,2411,40,2,2,0,0.08
2405,輔信,7301,7335,-34,28,29,-1,0.38
2406,國碩,12417,12475,-58,167,180,-13,1.34
2408,南亞科,70060,69700,360,2862,5404,-2542,4.09
2409,友達,236800,237942,-1142,22399,19566,2833,9.46
2412,中華電,1454,1504,-50,27,26,1,1.86
2413,環科,4252,4202,50,43,2,41,1.01
2414,精技,268,268,0,0,0,0,0.0
2415,錩新,2464,2462,2,0,0,0,0.0
2417,圓剛,3046,3028,18,11,5,6,0.36
2419,仲琦,6050,6022,28,19,52,-33,0.31
2420,新巨,456,460,-4,0,0,0,0.0
2421,建準,3618,3296,322,89,61,28,2.46
2423,固緯,429,429,0,1,1,0,0.23
2424,隴華,0,0,0,0,0,0,0.0
2425,承啟,5511,5684,-173,5,21,-16,0.09
2426,鼎元,27385,28194,-809,2619,1695,924,9.56
2427,三商電,5317,5321,-4,1,1,0,0.02
2428,興勤,2579,2660,-81,9,6,3,0.35
2429,銘旺科,193,206,-13,0,0,0,0.0
2430,燦坤,58,58,0,1,1,0,1.72
2431,聯昌,1215,1217,-2,0,0,0,0.0
2432,倚天酷碁-創,306,306,0,0,0,0,0.0
2433,互盛電,26,26,0,0,0,0,0.0
2434,統懋,571,535,36,12,8,4,2.1
2436,偉詮電,6943,6781,162,393,624,-231,5.66
2438,翔耀,0,0,0,0,0,0,0.0
2439,美律,4223,4170,53,2,3,-1,0.05
2440,太空梭,1570,1601,-31,10,10,0,0.64
2441,超豐,7347,7371,-24,0,1,-1,0.0
2442,新美齊,4266,4231,35,0,0,0,0.0
2444,兆勁,0,0,0,0,0,0,0.0
2449,京元電子,25163,24351,812,148,123,25,0.59
2450,神腦,59,59,0,0,0,0,0.0
2451,創見,6341,6303,38,363,255,108,5.72
2453,凌群,2252,2258,-6,1,1,0,0.04
2454,聯發科,10520,10536,-16,42,47,-5,0.4
2455,全新,9298,9307,-9,1115,993,122,11.99
2457,飛宏,12421,12500,-79,49,49,0,0.39
2458,義隆,3869,3913,-44,47,48,-1,1.21
2459,敦吉,97,97,0,0,0,0,0.0
2460,建通,206,206,0,0,0,0,0.0
2461,光群雷,7733,7771,-38,8,8,0,0.1
2462,良得電,2265,2268,-3,0,0,0,0.0
2464,盟立,18777,16212,2565,335,548,-213,1.78
2465,麗臺,5145,5304,-159,62,73,-11,1.21
2466,冠西電,5838,5847,-9,302,294,8,5.17
2467,志聖,1683,1662,21,41,46,-5,2.44
2468,華經,3427,3451,-24,6,6,0,0.18
2471,資通,1264,1264,0,1,1,0,0.08
2472,立隆電,5224,5382,-158,28,20,8,0.54
2474,可成,7000,7032,-32,6,6,0,0.09
2476,鉅祥,41385,41221,164,21,20,1,0.05
2477,美隆電,1123,1123,0,2,2,0,0.18
2478,大毅,9527,9678,-151,168,115,53,1.76
2480,敦陽科,456,456,0,0,0,0,0.0
2481,強茂,15896,14489,1407,628,987,-359,3.95
2482,連宇,1719,1729,-10,0,0,0,0.0
2483,百容,2069,2096,-27,9,10,-1,0.43
2484,希華,15458,15444,14,125,118,7,0.81
2485,兆赫,10668,10675,-7,221,231,-10,2.07
2486,一詮,23962,23732,230,564,1005,-441,2.35
2488,漢平,447,448,-1,0,0,0,0.0
2489,瑞軒,34549,35731,-1182,1213,1354,-141,3.51
2491,吉祥全,1928,1830,98,18,64,-46,0.93
2492,華新科,15597,16157,-560,2884,2611,273,18.49
2493,揚博,9183,9296,-113,16,19,-3,0.17
2495,普安,8007,7825,182,6,6,0,0.07
2496,卓越,34,34,0,0,0,0,0.0
2497,怡利電,1684,1678,6,2,2,0,0.12
2498,宏達電,28802,28651,151,223,226,-3,0.77
2501,國建,4789,4766,23,2,2,0,0.04
2504,國產,6045,5936,109,5,10,-5,0.08
2505,國揚,3259,3283,-24,0,0,0,0.0
2506,太設,1852,1852,0,0,0,0,0.0
2509,全坤建,611,603,8,1,1,0,0.16
2511,太子,2440,2445,-5,1,1,0,0.04
2514,龍邦,18170,18224,-54,0,0,0,0.0
2515,中工,28967,29084,-117,46,44,2,0.16
2516,新建,0,0,0,0,0,0,0.0
2520,冠德,1940,1909,31,5,5,0,0.26
2524,京城,3204,3199,5,0,0,0,0.0
2527,宏璟,5525,5398,127,0,0,0,0.0
2528,皇普,5589,5593,-4,0,0,0,0.0
2530,華建,6716,6800,-84,3,7,-4,0.04
2534,宏盛,8526,8531,-5,0,0,0,0.0
2535,達欣工,247,249,-2,3,3,0,1.21
2536,宏普,2897,3134,-237,0,0,0,0.0
2537,聯上發,3750,3731,19,15,15,0,0.4
2538,基泰,2791,2789,2,2,2,0,0.07
2539,櫻花建,1330,1323,7,26,26,0,1.95
2540,愛山林,2743,2740,3,15,15,0,0.55
2542,興富發,3656,3589,67,16,16,0,0.44
2543,皇昌,8563,8587,-24,16,16,0,0.19
2545,皇翔,2721,2731,-10,1,1,0,0.04
2546,根基,193,194,-1,0,0,0,0.0
2547,日勝生,9531,9531,0,0,0,0,0.0
2548,華固,1806,1794,12,9,9,0,0.5
2597,潤弘,161,160,1,0,0,0,0.0
2601,益航,252,257,-5,0,0,0,0.0
2603,長榮,12219,11779,440,402,401,1,3.29
2605,新興,14452,14629,-177,149,153,-4,1.03
2606,裕民,4099,3804,295,260,297,-37,6.34
2607,榮運,718,722,-4,4,4,0,0.56
2608,嘉里大榮,1132,1129,3,1,1,0,0.09
2609,陽明,34789,35811,-1022,2052,2084,-32,5.9
2610,華航,43266,42997,269,249,250,-1,0.58
2611,志信,3001,3013,-12,1,3,-2,0.03
2612,中航,1696,1602,94,17,16,1,1.0
2613,中櫃,2819,2822,-3,6,6,0,0.21
2614,東森,5537,5505,32,0,0,0,0.0
2615,萬海,14368,15027,-659,1330,1386,-56,9.26
2616,山隆,422,424,-2,0,0,0,0.0
2617,台航,2463,2404,59,4,3,1,0.16
2618,長榮航,21673,21751,-78,965,988,-23,4.45
2630,亞航,5605,5656,-51,47,45,2,0.84
2633,台灣高鐵,1636,1649,-13,36,36,0,2.2
2634,漢翔,24118,24166,-48,293,301,-8,1.21
2636,台驊控股,732,730,2,1,1,0,0.14
2637,慧洋-KY,3504,3395,109,252,243,9,7.19
2642,宅配通,599,602,-3,5,5,0,0.83
2645,長榮航太,4647,4683,-36,6,9,-3,0.13
2646,星宇航空,3734,4120,-386,25,25,0,0.67
2701,萬企,366,370,-4,0,0,0,0.0
2702,華園,445,445,0,0,0,0,0.0
2704,國賓,94,94,0,0,0,0,0.0
2705,六福,542,550,-8,0,0,0,0.0
2706,第一店,658,658,0,0,0,0,0.0
2707,晶華,148,140,8,0,0,0,0.0
2712,遠雄來,6,6,0,0,0,0,0.0
2722,夏都,288,287,1,0,0,0,0.0
2723,美食-KY,1509,1476,33,15,15,0,0.99
2727,王品,267,274,-7,3,3,0,1.12
2731,雄獅,825,830,-5,6,6,0,0.73
2739,寒舍,882,886,-4,0,0,0,0.0
2748,雲品,479,479,0,0,0,0,0.0
2753,八方雲集,480,487,-7,2,2,0,0.42
2762,世界健身-KY,224,223,1,0,0,0,0.0
2801,彰銀,8933,10245,-1312,132,157,-25,1.48
2812,台中銀,4018,4019,-1,29,29,0,0.72
2816,旺旺保,1032,1000,32,5,5,0,0.48
2820,華票,395,397,-2,1,1,0,0.25
2832,台產,568,569,-1,0,0,0,0.0
2834,臺企銀,25032,24490,542,29,62,-33,0.12
2836,高雄銀,6025,6189,-164,3,2,1,0.05
2838,聯邦銀,1726,1704,22,1,1,0,0.06
2845,遠東銀,3171,3212,-41,41,76,-35,1.29
2849,安泰銀,326,328,-2,0,0,0,0.0
2850,新產,239,237,2,0,0,0,0.0
2851,中再保,2944,3058,-114,38,40,-2,1.29
2852,第一保,1619,1622,-3,0,0,0,0.0
2855,統一證,4857,4714,143,143,142,1,2.94
2880,華南金,831,896,-65,118,111,7,14.2
2881,富邦金,6083,6059,24,395,337,58,6.49
2882,國泰金,5928,5998,-70,338,322,16,5.7
2883,凱基金,10323,10855,-532,282,264,18,2.73
2884,玉山金,5747,7461,-1714,341,274,67,5.93
2885,元大金,1875,1777,98,9,3,6,0.48
2886,兆豐金,1841,1228,613,34,53,-19,1.85
2887,台新新光金,41471,41108,363,496,461,35,1.2
2889,國票金,3667,4089,-422,51,51,0,1.39
2890,永豐金,1534,1613,-79,81,78,3,5.28
2891,中信金,3208,3271,-63,85,62,23,2.65
2892,第一金,1260,1263,-3,72,69,3,5.71
2897,王道銀行,1320,1233,87,4,4,0,0.3
2901,欣欣,476,475,1,0,0,0,0.0
2903,遠百,1552,1548,4,0,0,0,0.0
2904,匯僑,9,9,0,0,0,0,0.0
2905,三商,6876,6868,8,14,11,3,0.2
2906,高林,572,570,2,0,0,0,0.0
2908,特力,15618,15530,88,0,0,0,0.0
2910,統領,44,44,0,0,0,0,0.0
2911,麗嬰房,204,194,10,0,0,0,0.0
2912,統一超,644,641,3,0,0,0,0.0
2913,農林,7632,7610,22,1,1,0,0.01
2915,潤泰全,9796,9740,56,14,14,0,0.14
2929,淘帝-KY,2047,2047,0,0,0,0,0.0
2939,永邑-KY,563,241,322,0,0,0,0.0
3002,歐格,1838,1845,-7,21,20,1,1.14
3003,健和興,2300,2280,20,5,5,0,0.22
3004,豐達科,2024,2044,-20,2,2,0,0.1
3005,神基,7855,8664,-809,48,47,1,0.61
3006,晶豪科,18750,18210,540,503,577,-74,2.68
3008,大立光,3904,4166,-262,86,90,-4,2.2
3010,華立,1251,1234,17,4,4,0,0.32
3011,今皓,2563,2555,8,0,0,0,0.0
3013,晟銘電,8465,8461,4,38,36,2,0.45
3014,聯陽,2588,2559,29,20,20,0,0.77
3015,全漢,2414,2436,-22,0,0,0,0.0
3016,嘉晶,7785,7745,40,79,67,12,1.01
3017,奇鋐,4111,4061,50,74,45,29,1.8
3018,隆銘綠能,0,0,0,0,0,0,0.0
3019,亞光,12173,11956,217,66,53,13,0.54
3021,鴻名,695,630,65,12,4,8,1.73
3022,威強電,6253,6275,-22,56,17,39,0.9
3023,信邦,1214,1091,123,11,7,4,0.91
3024,憶聲,10637,10482,155,12,42,-30,0.11
3025,星通,1585,1595,-10,0,0,0,0.0
3026,禾伸堂,10291,9927,364,349,243,106,3.39
3027,盛達,4601,4601,0,1,1,0,0.02
3028,增你強,2899,2899,0,45,44,1,1.55
3029,零壹,2765,2798,-33,9,9,0,0.33
3030,德律,10237,10034,203,9,16,-7,0.09
3031,佰鴻,5297,5283,14,7,7,0,0.13
3032,偉訓,7938,7982,-44,5,5,0,0.06
3033,威健,9466,9582,-116,951,951,0,10.05
3034,聯詠,2560,2553,7,90,132,-42,3.52
3035,智原,10420,10385,35,284,289,-5,2.73
3036,文曄,13832,13463,369,38,36,2,0.27
3037,欣興,35511,34936,575,602,683,-81,1.7
3038,全台,1517,1520,-3,0,0,0,0.0
3040,遠見,9944,9960,-16,6,6,0,0.06
3041,揚智,3246,3308,-62,50,49,1,1.54
3042,晶技,12858,12724,134,194,227,-33,1.51
3043,科風,828,832,-4,0,0,0,0.0
3044,健鼎,5742,5684,58,50,50,0,0.87
3045,台灣大,148,142,6,182,184,-2,122.97
3046,建碁,1111,1112,-1,8,9,-1,0.72
3047,訊舟,6261,6265,-4,2,3,-1,0.03
3048,益登,6585,6589,-4,21,22,-1,0.32
3049,精金,4014,4342,-328,40,32,8,1.0
3050,鈺德,2979,2953,26,0,0,0,0.0
3051,力特,4062,4052,10,3,5,-2,0.07
3052,夆典,1917,1892,25,0,0,0,0.0
3054,立萬利,1011,1005,6,0,0,0,0.0
3055,蔚華科,7466,7359,107,71,75,-4,0.95
3056,富華新,3529,3484,45,2,2,0,0.06
3057,喬鼎,0,0,0,0,0,0,0.0
3058,立德,0,0,0,0,0,0,0.0
3059,華晶科,11181,11263,-82,0,0,0,0.0
3060,銘異,8272,8296,-24,7,9,-2,0.08
3062,建漢,10009,9938,71,52,51,1,0.52
3090,日電貿,6479,6938,-459,120,105,15,1.85
3092,鴻碩,3630,3639,-9,4,4,0,0.11
3094,聯傑,5806,3437,2369,400,134,266,6.89
3130,一零四,7,10,-3,0,0,0,0.0
3135,凌航,3046,3059,-13,224,227,-3,7.35
3138,耀登,2030,2034,-4,18,18,0,0.89
3149,正達,21913,21876,37,142,169,-27,0.65
3150,鈺寶-創,234,234,0,0,0,0,0.0
3164,景岳,302,305,-3,0,0,0,0.0
3167,大量,8040,7628,412,111,83,28,1.38
3168,眾福科,36,37,-1,0,0,0,0.0
3189,景碩,22035,21642,393,348,293,55,1.58
3209,全科,4872,4860,12,0,0,0,0.0
3229,晟鈦,1784,1282,502,1,0,1,0.06
3231,緯創,47315,48061,-746,971,524,447,2.05
3257,虹冠電,2369,2375,-6,4,4,0,0.17
3266,昇陽,347,347,0,0,0,0,0.0
3296,勝德,1861,1857,4,4,5,-1,0.21
3305,昇貿,7590,7560,30,51,45,6,0.67
3308,聯德,583,582,1,0,0,0,0.0
3311,閎暉,3122,3101,21,0,0,0,0.0
3312,弘憶股,5309,5388,-79,0,0,0,0.0
3321,同泰,0,0,0,0,0,0,0.0
3338,泰碩,3405,3415,-10,11,9,2,0.32
3346,麗清,2842,2841,1,0,0,0,0.0
3356,奇偶,1614,1655,-41,0,0,0,0.0
3376,新日興,11484,11591,-107,169,167,2,1.47
3380,明泰,5594,5706,-112,35,34,1,0.63
3406,玉晶光,3702,3543,159,420,445,-25,11.35
3413,京鼎,3739,3736,3,2,3,-1,0.05
3416,融程電,874,873,1,4,3,1,0.46
3419,譁裕,926,929,-3,0,0,0,0.0
3432,台端,0,0,0,0,0,0,0.0
3437,榮創,2642,2668,-26,46,44,2,1.74
3443,創意,4737,4765,-28,113,111,2,2.39
3447,展達,1880,1897,-17,7,7,0,0.37
3450,聯鈞,12236,12576,-340,453,479,-26,3.7
3481,群創,321789,321562,227,5417,5892,-475,1.68
3494,誠研,0,0,0,0,0,0,0.0
3501,維熹,1187,1188,-1,0,0,0,0.0
3504,揚明光,3537,3657,-120,362,358,4,10.23
3515,華擎,1680,1680,0,0,0,0,0.0
3518,柏騰,4742,4671,71,59,90,-31,1.24
3528,安馳,1964,1951,13,0,0,0,0.0
3530,晶相光,1349,1357,-8,5,4,1,0.37
3532,台勝科,8959,8714,245,683,650,33,7.62
3533,嘉澤,1686,1700,-14,0,7,-7,0.0
3535,晶彩科,3766,3776,-10,54,56,-2,1.43
3543,州巧,4157,4058,99,153,161,-8,3.68
3545,敦泰,4397,4364,33,37,37,0,0.84
3550,聯穎,13941,13999,-58,13,11,2,0.09
3557,嘉威,372,372,0,0,0,0,0.0
3563,牧德,5938,5933,5,1,2,-1,0.02
3576,聯合再生,0,0,0,0,0,0,0.0
3583,辛耘,2037,1936,101,15,15,0,0.74
3588,通嘉,1674,1683,-9,0,0,0,0.0
3591,艾笛森,26163,27064,-901,0,10,-10,0.0
3592,瑞鼎,1005,1011,-6,0,0,0,0.0
3593,力銘,0,0,0,0,0,0,0.0
3596,智易,2066,2094,-28,2,2,0,0.1
3605,宏致,16427,17175,-748,1708,1728,-20,10.4
3607,谷崧,1944,1961,-17,0,0,0,0.0
3617,碩天,1796,1826,-30,11,10,1,0.61
3622,洋華,1440,1521,-81,0,0,0,0.0
3645,達邁,6164,6134,30,63,63,0,1.02
3652,精聯,540,540,0,0,0,0,0.0
3653,健策,2989,2970,19,60,60,0,2.01
3661,世芯-KY,6054,6059,-5,4,2,2,0.07
3665,貿聯-KY,3487,3497,-10,5,4,1,0.14
3669,圓展,895,898,-3,0,0,0,0.0
3673,TPK-KY,13789,13741,48,226,216,10,1.64
3679,新至陞,94,92,2,0,0,0,0.0
3686,達能,0,0,0,0,0,0,0.0
3694,海華,7400,7304,96,16,16,0,0.22
3701,大眾控,6044,6092,-48,65,71,-6,1.08
3702,大聯大,8919,9015,-96,30,26,4,0.34
3703,欣陸,1490,1497,-7,2,2,0,0.13
3704,合勤控,8940,10257,-1317,15,117,-102,0.17
3705,永信,351,367,-16,0,0,0,0.0
3706,神達,25931,26065,-134,0,13,-13,0.0
3708,上緯投控,2924,2935,-11,229,243,-14,7.83
3711,日月光投控,13404,12972,432,114,167,-53,0.85
3712,永崴投控,2237,2243,-6,15,15,0,0.67
3714,富采,25205,25229,-24,343,180,163,1.36
3715,定穎投控,23548,23381,167,517,534,-17,2.2
3716,中化控股,705,702,3,0,0,0,0.0
3717,聯嘉投控,12932,12948,-16,474,474,0,3.67
4104,佳醫,67,65,2,1,1,0,1.49
4106,雃博,701,700,1,0,0,0,0.0
4108,懷特,0,0,0,0,0,0,0.0
4119,旭富,486,448,38,0,0,0,0.0
4133,亞諾法,1223,1233,-10,0,0,0,0.0
4137,麗豐-KY,1140,1132,8,12,12,0,1.05
4142,國光生,6667,6655,12,0,0,0,0.0
4148,全宇生技-KY,346,342,4,0,0,0,0.0
4155,訊映,874,938,-64,0,0,0,0.0
4164,承業醫,5300,5331,-31,0,0,0,0.0
4190,佐登-KY,278,279,-1,0,0,0,0.0
4306,炎洲,5705,5673,32,1,1,0,0.02
4414,如興,676,684,-8,0,0,0,0.0
4426,利勤,1033,1034,-1,0,0,0,0.0
4438,廣越,576,574,2,0,0,0,0.0
4439,冠星-KY,242,240,2,0,0,0,0.0
4440,宜新實業,112,112,0,0,0,0,0.0
4441,振大環球,224,225,-1,0,0,0,0.0
4526,東台,6043,6071,-28,130,124,6,2.15
4532,瑞智,2291,2301,-10,0,1,-1,0.0
4536,拓凱,540,535,5,0,0,0,0.0
4540,全球傳動,4376,4429,-53,259,261,-2,5.92
4545,銘鈺,1137,1133,4,0,0,0,0.0
4551,智伸科,3715,3498,217,3,1,2,0.08
4552,力達-KY,2168,2129,39,12,12,0,0.55
4555,氣立,2079,2111,-32,41,41,0,1.97
4557,永新-KY,461,461,0,0,0,0,0.0
4560,強信-KY,316,315,1,1,1,0,0.32
4562,穎漢,1708,1711,-3,33,33,0,1.93
4564,元翎,9480,9890,-410,69,71,-2,0.73
4566,時碩工業,4596,4674,-78,33,34,-1,0.72
4569,六方科-KY,731,734,-3,0,0,0,0.0
4571,鈞興-KY,1050,1051,-1,0,0,0,0.0
4572,駐龍,242,243,-1,1,1,0,0.41
4576,大銀微系統,3293,3249,44,53,51,2,1.61
4581,光隆精密-KY,17,17,0,0,0,0,0.0
4583,台灣精銳,2714,2715,-1,3,3,0,0.11
4585,達明,695,701,-6,55,55,0,7.91
4588,玖鼎電力,385,382,3,0,0,0,0.0
4590,富田-創,262,261,1,0,0,0,0.0
4720,德淵,3327,3322,5,1,0,1,0.03
4722,國精化,10960,11057,-97,92,92,0,0.84
4736,泰博,245,246,-1,2,2,0,0.82
4737,華廣,1595,1587,8,0,0,0,0.0
4739,康普,8011,8077,-66,82,83,-1,1.02
4746,台耀,2177,2193,-16,11,10,1,0.51
4755,三福化,909,913,-4,0,0,0,0.0
4763,材料*-KY,40673,40802,-129,19,55,-36,0.05
4764,雙鍵,4574,4555,19,184,149,35,4.02
4766,南寶,1044,1041,3,1,1,0,0.1
4770,上品,1243,1211,32,17,8,9,1.37
4771,望隼,567,585,-18,0,0,0,0.0
4807,日成-KY,1041,1075,-34,15,14,1,1.44
4904,遠傳,647,670,-23,31,37,-6,4.79
4906,正文,30015,30081,-66,193,137,56,0.64
4912,聯德控股-KY,3478,3932,-454,0,2,-2,0.0
4915,致伸,4857,4727,130,33,33,0,0.68
4916,事欣科,7354,7429,-75,114,117,-3,1.55
4919,新唐,12417,12493,-76,730,725,5,5.88
4927,泰鼎-KY,25520,25534,-14,252,260,-8,0.99
4930,燦星網,3851,3851,0,0,0,0,0.0
4934,太極,0,0,0,0,0,0,0.0
4935,茂林-KY,589,593,-4,1,1,0,0.17
4938,和碩,3817,4025,-208,48,30,18,1.26
4942,嘉彰,586,586,0,0,0,0,0.0
4943,康控-KY,0,0,0,0,0,0,0.0
4949,有成精密,2720,2741,-21,30,46,-16,1.1
4952,凌通,1361,1365,-4,6,6,0,0.44
4956,光鋐,6279,6607,-328,159,106,53,2.53
4958,臻鼎-KY,36463,34393,2070,222,243,-21,0.61
4960,誠美材,15176,15247,-71,98,98,0,0.65
4961,天鈺,1176,1158,18,8,8,0,0.68
4967,十銓,7469,7782,-313,1433,1438,-5,19.19
4968,立積,5044,5061,-17,31,31,0,0.61
4976,佳凌,5396,5470,-74,286,308,-22,5.3
4977,眾達-KY,6704,6780,-76,219,217,2,3.27
4989,榮科,15614,15785,-171,137,131,6,0.88
4994,傳奇,1800,1796,4,2,2,0,0.11
4999,鑫禾,396,396,0,0,0,0,0.0
5007,三星,6,7,-1,0,0,0,0.0
5203,訊連,928,937,-9,2,2,0,0.22
5215,科嘉-KY,743,741,2,0,0,0,0.0
5222,全訊,1910,1903,7,13,13,0,0.68
5225,東科-KY,1332,1216,116,81,5,76,6.08
5234,達興材料,1400,1400,0,42,28,14,3.0
5236,凌陽創新,264,276,-12,4,4,0,1.52
5243,乙盛-KY,8936,8941,-5,18,17,1,0.2
5244,弘凱,2264,2266,-2,4,5,-1,0.18
5258,虹堡,3467,3470,-3,3,3,0,0.09
5269,祥碩,1914,1902,12,65,65,0,3.4
5283,禾聯碩,54,53,1,0,0,0,0.0
5284,jpp-KY,4208,4072,136,8,5,3,0.19
5285,界霖,5033,5054,-21,30,33,-3,0.6
5288,豐祥-KY,2619,2619,0,0,0,0,0.0
5292,華懋,765,768,-3,15,15,0,1.96
5306,桂盟,590,588,2,0,0,0,0.0
5388,中磊,8106,8081,25,11,14,-3,0.14
5434,崇越,805,815,-10,1,1,0,0.12
5469,瀚宇博,13254,13248,6,35,39,-4,0.26
5471,松翰,4360,4394,-34,39,37,2,0.89
5484,慧友,0,0,0,0,0,0,0.0
5515,建國,2432,2470,-38,8,8,0,0.33
5519,隆大,905,891,14,0,0,0,0.0
5521,工信,13033,13005,28,11,11,0,0.08
5522,遠雄,940,920,20,4,4,0,0.43
5525,順天,313,313,0,0,0,0,0.0
5531,鄉林,4354,4339,15,11,11,0,0.25
5533,皇鼎,411,434,-23,1,1,0,0.24
5534,長虹,3544,3467,77,0,0,0,0.0
5538,東明-KY,106,110,-4,0,0,0,0.0
5546,永固-KY,20,20,0,0,0,0,0.0
5607,遠雄港,2524,2538,-14,6,4,2,0.24
5608,四維航,6937,6891,46,406,442,-36,5.85
5706,鳳凰,713,712,1,0,0,0,0.0
5871,中租-KY,4181,4090,91,6,6,0,0.14
5876,上海商銀,675,677,-2,7,6,1,1.04
5880,合庫金,2650,2965,-315,50,63,-13,1.89
5906,台南-KY,20,20,0,0,0,0,0.0
5907,大洋-KY,5375,5465,-90,0,0,0,0.0
6005,群益證,5456,5535,-79,33,33,0,0.6
6024,群益期,184,191,-7,0,15,-15,0.0
6108,競國,1729,1753,-24,23,25,-2,1.33
6112,邁達特,2699,2607,92,1,1,0,0.04
6115,鎰勝,24,24,0,0,0,0,0.0
6116,彩晶,35519,35345,174,7064,7117,-53,19.89
6117,迎廣,2275,2283,-8,25,25,0,1.1
6120,達運,8375,8276,99,25,31,-6,0.3
6128,上福,1651,1646,5,0,0,0,0.0
6133,金橋,2894,2909,-15,0,0,0,0.0
6136,富爾特,1783,1814,-31,0,0,0,0.0
6139,亞翔,8718,8794,-76,7,3,4,0.08
6141,柏承,32,32,0,0,0,0,0.0
6142,友勁,0,0,0,0,0,0,0.0
6152,百一,0,0,0,0,0,0,0.0
6153,嘉聯益,12804,12901,-97,180,170,10,1.41
6155,鈞寶,3246,3195,51,38,38,0,1.17
6164,華興,3670,3658,12,2,2,0,0.05
6165,浪凡,12707,13204,-497,0,0,0,0.0
6166,凌華,2852,3057,-205,14,11,3,0.49
6168,宏齊,4703,4582,121,127,80,47,2.7
6176,瑞儀,4616,4628,-12,14,12,2,0.3
6177,達麗,2423,2504,-81,16,8,8,0.66
6183,關貿,9,9,0,0,0,0,0.0
6184,大豐電,481,481,0,0,0,0,0.0
6189,豐藝,2243,2238,5,2,2,0,0.09
6191,精成科,18455,18478,-23,148,139,9,0.8
6192,巨路,770,785,-15,0,0,0,0.0
6196,帆宣,1471,1410,61,16,18,-2,1.09
6197,佳必琪,6087,6055,32,92,79,13,1.51
6201,亞弘電,36,36,0,0,0,0,0.0
6202,盛群,4641,4720,-79,24,24,0,0.52
6205,詮欣,3776,3814,-38,9,9,0,0.24
6206,飛捷,2216,2198,18,27,24,3,1.22
6209,今國光,13805,13748,57,318,360,-42,2.3
6213,聯茂,18507,18078,429,1051,1142,-91,5.68
6214,精誠,688,692,-4,39,39,0,5.67
6215,和椿,5229,5193,36,70,65,5,1.34
6216,居易,677,677,0,15,15,0,2.22
6224,聚鼎,3170,3250,-80,65,55,10,2.05
6225,天瀚,0,0,0,0,0,0,0.0
6226,光鼎,5066,4741,325,709,729,-20,14.0
6230,尼得科超眾,467,467,0,1,1,0,0.21
6235,華孚,4382,4372,10,21,21,0,0.48
6239,力成,22215,21799,416,82,87,-5,0.37
6243,迅杰,1637,1643,-6,27,14,13,1.65
6257,矽格,13061,12643,418,38,43,-5,0.29
6269,台郡,10304,10359,-55,228,181,47,2.21
6271,同欣電,7254,7007,247,107,39,68,1.48
6272,驊陞,242,171,71,1,0,1,0.41
6277,宏正,457,444,13,9,9,0,1.97
6278,台表科,9058,8732,326,121,107,14,1.34
6281,全國電,17,17,0,0,0,0,0.0
6282,康舒,24403,24385,18,38,39,-1,0.16
6283,淳安,2317,2308,9,1,1,0,0.04
6285,啟碁,14066,14294,-228,98,75,23,0.7
6405,悅城,5544,5539,5,14,13,1,0.25
6409,旭隼,1053,1106,-53,1,0,1,0.09
6412,群電,2816,2795,21,6,2,4,0.21
6414,樺漢,2042,2082,-40,3,1,2,0.15
6415,矽力*-KY,4857,4910,-53,77,65,12,1.59
6416,瑞祺電通,3775,3822,-47,0,0,0,0.0
6426,統新,2821,2703,118,26,36,-10,0.92
6431,光麗-KY,0,0,0,0,0,0,0.0
6438,迅得,3921,3913,8,13,13,0,0.33
6442,光聖,4221,4033,188,40,62,-22,0.95
6443,元晶,7237,7251,-14,286,286,0,3.95
6446,藥華藥,9276,9139,137,10,35,-25,0.11
6449,鈺邦,2340,2476,-136,19,10,9,0.81
6451,訊芯-KY,10393,10574,-181,315,572,-257,3.03
6456,GIS-KY,16200,16195,5,170,171,-1,1.05
6464,台數科,2,2,0,0,0,0,0.0
6472,保瑞,3408,3429,-21,18,14,4,0.53
6477,安集,3840,3813,27,132,134,-2,3.44
6491,晶碩,540,550,-10,4,5,-1,0.74
6504,南六,113,113,0,0,0,0,0.0
6505,台塑化,11689,11420,269,248,252,-4,2.12
6515,穎崴,648,631,17,8,8,0,1.23
6525,捷敏-KY,2517,2538,-21,19,19,0,0.75
6526,達發,1302,1295,7,2,2,0,0.15
6531,愛普*,6421,6390,31,47,60,-13,0.73
6533,晶心科,2075,2075,0,0,0,0,0.0
6534,正瀚-創,1835,1835,0,0,0,0,0.0
6541,泰福-KY,3487,3440,47,2,2,0,0.06
6550,北極星藥業-KY,0,0,0,0,0,0,0.0
6552,易華電,1112,1107,5,6,6,0,0.54
6558,興能高,2406,2419,-13,3,6,-3,0.12
6573,虹揚-KY,0,0,0,0,0,0,0.0
6579,研揚,1373,1395,-22,1,1,0,0.07
6581,鋼聯,6,6,0,0,0,0,0.0
6582,申豐,465,465,0,0,0,0,0.0
6585,鼎基,1599,1612,-13,105,67,38,6.57
6589,台康生技,2747,2750,-3,2,2,0,0.07
6591,動力-KY,1763,1764,-1,1,1,0,0.06
6592,和潤企業,703,705,-2,1,1,0,0.14
6598,ABC-KY,0,0,0,0,0,0,0.0
6605,帝寶,2180,2198,-18,1,1,0,0.05
6606,建德工業,624,615,9,0,0,0,0.0
6614,資拓宏宇,74,74,0,0,0,0,0.0
6625,必應,785,798,-13,0,0,0,0.0
6641,基士德-KY,108,107,1,0,0,0,0.0
6645,金萬林-創,11,11,0,0,0,0,0.0
6655,科定,0,1,-1,0,0,0,0.0
6657,華安,1171,1171,0,0,0,0,0.0
6658,聯策,1595,1584,11,12,12,0,0.75
6666,羅麗芬-KY,289,292,-3,0,0,0,0.0
6668,中揚光,2970,2993,-23,23,41,-18,0.77
6669,緯穎,2298,2195,103,1520,1317,203,66.14
6670,復盛應用,418,427,-9,1,1,0,0.24
6671,三能-KY,85,85,0,0,0,0,0.0
6672,騰輝電子-KY,5803,5994,-191,30,13,17,0.52
6674,鋐寶科技,239,226,13,2,2,0,0.84
6689,伊雲谷,1182,1230,-48,0,0,0,0.0
6691,洋基工程,1839,1812,27,0,0,0,0.0
6695,芯鼎,3228,3248,-20,12,17,-5,0.37
6698,旭暉應材,1879,1883,-4,32,32,0,1.7
6706,惠特,8245,8140,105,176,171,5,2.13
6715,嘉基,6037,6188,-151,63,83,-20,1.04
6719,力智,3905,3885,20,2,1,1,0.05
6722,輝創,117,109,8,0,0,0,0.0
6742,澤米,1563,1652,-89,3,3,0,0.19
6743,安普新,551,537,14,0,0,0,0.0
6753,龍德造船,5621,5624,-3,1,0,1,0.02
6754,匯僑設計,118,118,0,0,0,0,0.0
6756,威鋒電子,609,622,-13,0,0,0,0.0
6757,台灣虎航,3130,3125,5,7,7,0,0.22
6768,志強-KY,1081,1084,-3,1,1,0,0.09
6770,力積電,139628,138329,1299,543,717,-174,0.39
6771,平和環保-創,64,69,-5,0,0,0,0.0
6776,展碁國際,611,613,-2,0,0,0,0.0
6781,AES-KY,2337,2360,-23,4,4,0,0.17
6782,視陽,401,391,10,5,5,0,1.25
6789,采鈺,5071,5067,4,49,54,-5,0.97
6790,永豐實,564,564,0,0,0,0,0.0
6792,詠業,300,293,7,7,7,0,2.33
6794,向榮生技,329,328,1,0,0,0,0.0
6796,晉弘,616,615,1,1,1,0,0.16
6799,來頡,1965,1987,-22,0,0,0,0.0
6805,富世達,3169,3118,51,42,45,-3,1.33
6807,峰源-KY,143,142,1,0,0,0,0.0
6830,汎銓,4395,4353,42,70,77,-7,1.59
6831,邁科,1196,1192,4,32,31,1,2.68
6834,天二科技,3974,3980,-6,76,51,25,1.91
6835,圓裕,780,782,-2,0,0,0,0.0
6838,台新藥,2471,2471,0,0,0,0,0.0
6854,錼創科技-KY創,2369,2375,-6,12,12,0,0.51
6861,睿生光電,1725,1716,9,6,5,1,0.35
6862,三集瑞-KY,911,906,5,1,5,-4,0.11
6863,永道-KY,1272,1279,-7,1,1,0,0.08
6869,雲豹能源,2662,2651,11,13,12,1,0.49
6873,泓德能源,3344,3342,2,12,9,3,0.36
6885,全福生技,2286,2324,-38,1,0,1,0.04
6887,寶綠特-KY,1096,1092,4,0,0,0,0.0
6890,來億-KY,814,790,24,2,2,0,0.25
6901,鑽石投資,6538,6397,141,7,7,0,0.11
6902,GOGOLOOK,653,656,-3,0,0,0,0.0
6906,現觀科,487,472,15,0,0,0,0.0
6909,創控,1495,1493,2,3,3,0,0.2
6914,阜爾運通,292,314,-22,0,0,0,0.0
6916,華凌,366,371,-5,0,0,0,0.0
6918,愛派司,94,96,-2,0,0,0,0.0
6919,康霈*,0,0,0,0,0,0,0.0
6923,中台,1668,1669,-1,0,0,0,0.0
6928,攸泰科技,723,728,-5,8,8,0,1.11
6931,青松健康,111,123,-12,0,0,0,0.0
6933,AMAX-KY,1797,1761,36,144,34,110,8.01
6934,心誠鎂,85,80,5,0,0,0,0.0
6936,永鴻生技,251,251,0,0,0,0,0.0
6937,天虹,1531,1574,-43,8,8,0,0.52
6944,兆聯實業,1002,977,25,30,30,0,2.99
6949,沛爾生醫-創,5315,5315,0,0,0,0,0.0
6951,青新-創,77,77,0,0,0,0,0.0
6952,大武山,50,50,0,0,0,0,0.0
6957,裕慶-KY,1614,1601,13,27,27,0,1.67
6958,日盛台駿,115,116,-1,0,0,0,0.0
6962,奕力-KY,9167,9195,-28,9,22,-13,0.1
6965,中傑-KY,42,42,0,0,0,0,0.0
6994,富威電力,2928,2924,4,39,39,0,1.33
7631,聚賢研發-創,372,362,10,0,0,0,0.0
7705,三商餐飲,100,100,0,0,0,0,0.0
7711,永擎,2210,2053,157,48,46,2,2.17
7721,微程式,1058,1058,0,0,0,0,0.0
7722,LINEPAY,381,381,0,0,0,0,0.0
7730,暉盛-創,585,568,17,2,0,2,0.34
7732,金興精密,72,73,-1,0,0,0,0.0
7736,虎山,71,71,0,0,0,0,0.0
7740,熙特爾-創,2006,2003,3,1,1,0,0.05
7749,意騰-KY,1118,1114,4,1,1,0,0.09
7750,新代,727,734,-7,1,1,0,0.14
7765,中華資安,464,464,0,0,0,0,0.0
7769,鴻勁,431,443,-12,0,0,0,0.0
7780,大研生醫*,354,346,8,14,14,0,3.95
7786,東方風能,225,223,2,0,0,0,0.0
7788,松川精密,3436,2770,666,32,19,13,0.93
7791,皇家可口,13,13,0,0,0,0,0.0
7795,長廣,2118,2161,-43,9,6,3,0.42
7799,禾榮科,1300,1283,17,6,6,0,0.46
7823,奧義賽博-KY創,1,1,0,0,0,0,0.0
8011,台通,3262,3266,-4,1,1,0,0.03
8016,矽創,1367,1378,-11,0,0,0,0.0
8021,尖點,13741,13645,96,125,366,-241,0.91
8028,昇陽半導體,5877,5826,51,29,26,3,0.49
8033,雷虎,7284,7306,-22,130,121,9,1.78
8039,台虹,21842,19958,1884,2287,2345,-58,10.47
8045,達運光電,4964,4911,53,5,5,0,0.1
8046,南電,10635,11110,-475,374,1288,-914,3.52
8070,長華*,5289,5420,-131,17,16,1,0.32
8072,陞泰,1755,1752,3,0,0,0,0.0
8081,致新,1607,1607,0,1,1,0,0.06
8101,華冠,0,0,0,0,0,0,0.0
8103,瀚荃,6774,6574,200,240,252,-12,3.54
8104,錸寶,3442,3437,5,4,4,0,0.12
8105,凌巨,11305,10969,336,842,867,-25,7.45
8110,華東,14551,14570,-19,150,146,4,1.03
8112,至上,16171,16188,-17,2124,2141,-17,13.13
8114,振樺電,1290,1352,-62,13,7,6,1.01
8131,福懋科,4566,4562,4,53,52,1,1.16
8150,南茂,20158,19720,438,242,283,-41,1.2
8162,微矽電子-創,1949,1950,-1,1,1,0,0.05
8163,達方,2333,2310,23,18,16,2,0.77
8201,無敵,0,0,0,0,0,0,0.0
8210,勤誠,3728,3813,-85,14,10,4,0.38
8213,志超,3435,3450,-15,1,1,0,0.03
8215,明基材,3181,3176,5,32,36,-4,1.01
8222,寶一,3169,3182,-13,12,13,-1,0.38
8249,菱光,3749,3769,-20,4,4,0,0.11
8261,富鼎,7374,7223,151,43,48,-5,0.58
8271,宇瞻,5889,5896,-7,734,748,-14,12.46
8341,日友,378,377,1,0,0,0,0.0
8367,建新國際,14,14,0,0,0,0,0.0
8374,羅昇,1492,1474,18,7,6,1,0.47
8404,百和興業-KY,3304,3312,-8,0,0,0,0.0
8411,福貞-KY,54,54,0,0,0,0,0.0
8422,可寧衛*,23681,23810,-129,26,28,-2,0.11
8429,金麗-KY,14374,14374,0,0,0,0,0.0
8438,昶昕,3294,3330,-36,1,0,1,0.03
8442,威宏-KY,634,636,-2,19,19,0,3.0
8443,阿瘦,28,28,0,0,0,0,0.0
8454,富邦媒,1482,1493,-11,42,40,2,2.83
8462,柏文,1107,1096,11,5,5,0,0.45
8463,潤泰材,82,82,0,0,0,0,0.0
8464,億豐,65,65,0,0,0,0,0.0
8466,美吉吉-KY,1306,1307,-1,0,0,0,0.0
8467,波力-KY,185,179,6,1,1,0,0.54
8473,山林水,3644,3600,44,0,0,0,0.0
8476,台境*,18293,18282,11,122,132,-10,0.67
8478,東哥遊艇,902,900,2,1,1,0,0.11
8481,政伸,5,5,0,0,0,0,0.0
8482,商億-KY,154,157,-3,0,0,0,0.0
8487,愛爾達-創,41,41,0,0,0,0,0.0
8488,吉源-KY,26,24,2,0,0,0,0.0
8499,鼎炫-KY,625,626,-1,0,0,0,0.0
8926,台汽電,6468,6471,-3,36,32,4,0.56
8940,新天地,96,96,0,0,0,0,0.0
8996,高力,6831,6581,250,97,67,30,1.42
9103,美德醫療-DR,3487,3492,-5,54,60,-6,1.55
910322,康師傅-DR,0,0,0,0,0,0,0.0
9105,泰金寶-DR,46264,46265,-1,575,122,453,1.24
910861,神州-DR,0,0,0,0,0,0,0.0
911868,同方友友-DR,0,0,0,0,0,0,0.0
912000,晨訊科-DR,14566,14550,16,0,0,0,0.0
9136,巨騰-DR,11529,11530,-1,0,0,0,0.0
9802,鈺齊-KY,1990,1990,0,0,6,-6,0.0
9902,台火,3214,3214,0,1,1,0,0.03
9904,寶成,25870,26003,-133,5,6,-1,0.02
9905,大華,31,32,-1,0,0,0,0.0
9906,欣巴巴,395,402,-7,0,0,0,0.0
9907,統一實,3900,3881,19,3,3,0,0.08
9908,大台北,115,115,0,0,0,0,0.0
9910,豐泰,2027,2052,-25,7,7,0,0.35
9911,櫻花,374,374,0,0,0,0,0.0
9912,偉聯,0,0,0,0,0,0,0.0
9914,美利達,2169,2175,-6,7,7,0,0.32
9917,中保科,56,56,0,0,0,0,0.0
9918,欣天然,49,49,0,0,0,0,0.0
9919,康那香,8053,8066,-13,1,1,0,0.01
9921,巨大,1118,1149,-31,13,10,3,1.16
9924,福興,753,754,-1,0,0,0,0.0
9925,新保,9,9,0,0,0,0,0.0
9926,新海,6,6,0,0,0,0,0.0
9927,泰銘,60,60,0,0,0,0,0.0
9928,中視,432,426,6,0,0,0,0.0
9929,秋雨,0,0,0,0,0,0,0.0
9930,中聯資源,19,19,0,0,0,0,0.0
9931,欣高,64,64,0,0,0,0,0.0
9933,中鼎,4208,4144,64,0,0,0,0.0
9934,成霖,4971,4963,8,6,6,0,0.12
9935,慶豐富,1388,1387,1,0,0,0,0.0
9937,全國,142,142,0,0,0,0,0.0
9938,百和,3232,3200,32,2,2,0,0.06
9939,宏全,1227,1220,7,0,0,0,0.0
9940,信義,1183,1255,-72,0,0,0,0.0
9941,裕融,715,722,-7,5,8,-3,0.7
9942,茂順,40,40,0,0,0,0,0.0
9943,好樂迪,77,78,-1,0,0,0,0.0
9944,新麗,5551,5551,0,0,0,0,0.0
9945,潤泰新,22853,22941,-88,29,27,2,0.13
9946,三發地產,891,900,-9,0,0,0,0.0
9955,佳龍,1288,1297,-9,116,117,-1,9.01
9958,世紀鋼,8640,8617,23,3405,2834,571,39.41
