Date,Code,Name,TradeVolume,TradeValue,OpeningPrice,HighestPrice,LowestPrice,ClosingPrice,Change,Transaction
1150904,00400A,主動國泰動能高息,40967762,617618687,15,15,14,15,0.29,7174
1150904,00401A,主動摩根台灣鑫收,5626685,79251678,14,14,13,14,0.17,839
1150904,00402A,主動安聯美國科技,1845411,17472033,9,9,9,9,0.16,645
1150904,00403A,主動統一升級50,134610878,1373651907,10,10,10,10,0.2,17871
1150904,00404A,主動聯博動能50,11639856,114313302,9,9,9,9,0.16,1534
1150904,00405A,主動富邦台灣龍耀,38522995,333785485,8,8,8,8,0.11,4663
1150904,00406A,主動中信台灣收益,125639325,1196900636,9,9,9,9,0.11,20635
1150904,00407A,主動凱基台灣,28833124,278947409,9,9,9,9,0.17,3225
1150904,00408A,主動第一金優股息,3071603,32165001,10,10,10,10,0.18,213
1150904,00409A,主動復華全球50,56501502,555254681,9,9,9,9,0.31,5290
1150904,00410A,主動永豐科技趨勢,10194523,122291866,12,12,11,12,0.34,1445
1150904,0050,元大台灣50,46705557,5017991081,107,108,106,107,1.7,49703
1150904,0051,元大中型100,40803,5906634,144,145,144,145,1.95,390
1150904,0052,富邦科技,10899217,679516857,62,62,61,62,1.1,8555
1150904,0053,元大電子,26407,6417653,242,243,241,243,3.95,695
1150904,0055,元大MSCI金融,984778,47843501,48,49,48,49,0.8,1872
1150904,0056,元大高股息,22979939,1266699879,55,55,54,55,0.9,16346
1150904,0057,富邦摩台,30924,9935314,320,321,320,321,3.85,536
1150904,0061,元大寶滬深,148246,3605250,24,24,24,24,0.31,162
1150904,006203,元大MSCI台灣,9841,1920317,194,195,194,195,2.05,531
1150904,006204,永豐臺灣加權,2187,503825,232,232,232,232,1.45,93
1150904,006205,富邦上証,371144,15137930,40,40,40,40,0.28,172
1150904,006206,元大上證50,114751,4381650,38,38,38,38,0.39,133
1150904,006207,復華滬深,117730,3799592,32,32,32,32,0.32,70
1150904,006208,富邦台50,1594212,392563337,246,247,245,247,3.45,6567
1150904,00625K,富邦上証+R,0,0,0,0,0,0,0.0,0
1150904,00631L,元大台灣50正2,149757483,5434412870,36,36,35,36,1.23,38559
1150904,00632R,元大台灣50反1,113182173,1114971087,9,9,9,9,-0.19,12653
1150904,00633L,富邦上証正2,1393172,68071114,48,49,48,48,1.22,459
1150904,00634R,富邦上証反1,25848,80368,3,3,3,3,-0.04,19
1150904,00635U,期元大S&P黃金,2939587,135807317,46,46,46,46,0.45,2090
1150904,00636,國泰中國A50,244769,6777876,27,27,27,27,0.37,170
1150904,00636K,國泰中國A50+U,200,1748,8,8,8,8,0.04,2
1150904,00637L,元大滬深300正2,16116742,323517412,19,20,19,20,0.51,3119
1150904,00638R,元大滬深300反1,45699,302813,6,6,6,6,-0.08,16
1150904,00639,富邦深100,769670,12442317,16,16,16,16,0.09,233
1150904,00640L,富邦日本正2,73329,7911011,107,108,107,108,0.8,70
1150904,00641R,富邦日本反1,323098,1185720,3,3,3,3,0.0,32
1150904,00642U,期元大S&P石油,3122901,94894171,30,30,30,30,0.32,852
1150904,00643,群益深証中小,1701391,30829540,18,18,18,18,0.08,118
1150904,00643K,群益深証中小+R,5000,19150,3,3,3,3,0.0,1
1150904,00645,富邦日本,112772,6525099,57,58,57,58,0.25,207
1150904,00646,元大S&P500,6044591,468209891,77,77,77,77,1.05,2649
1150904,00647L,元大S&P500正2,125162,17565550,140,140,140,140,3.3,63
1150904,00648R,元大S&P500反1,1106836,4305311,3,3,3,3,-0.06,85
1150904,00650L,復華香港正2,4244947,74089073,17,17,17,17,0.72,949
1150904,00651R,復華香港反1,224810,1146134,5,5,5,5,-0.1,58
1150904,00652,富邦印度,69546,2298934,33,33,33,33,-0.09,171
1150904,00653L,富邦印度正2,30787,1407635,45,45,45,45,0.13,30
1150904,00654R,富邦印度反1,92000,621920,6,6,6,6,0.02,2
1150904,00655L,國泰中國A50正2,483744,16442261,33,34,33,34,0.93,188
1150904,00656R,國泰中國A50反1,12824,74904,5,5,5,5,-0.08,10
1150904,00657,國泰日經225,24787,1892794,76,76,76,76,1.55,84
1150904,00657K,國泰日經225+U,200,4846,24,24,24,24,0.29,2
1150904,00660,元大歐洲50,4134,192524,46,46,46,46,0.0,101
1150904,00661,元大日經225,37681,3162077,83,84,83,84,1.35,152
1150904,00662,富邦NASDAQ,1734089,208491540,120,120,120,120,2.1,1825
1150904,00663L,國泰臺灣加權正2,4246769,446334951,105,106,103,106,3.95,2264
1150904,00664R,國泰臺灣加權反1,10522218,16768637,1,1,1,1,-0.02,772
1150904,00665L,富邦恒生國企正2,14509570,139268784,9,9,9,9,0.37,1389
1150904,00666R,富邦恒生國企反1,542150,4816812,8,8,8,8,-0.15,47
1150904,00668,國泰美國道瓊,41042,2556151,62,62,62,62,0.8,78
1150904,00668K,國泰美國道瓊+U,200,3932,19,19,19,19,0.24,2
1150904,00669R,國泰美國道瓊反1,482266,2485712,5,5,5,5,-0.05,89
1150904,00670L,富邦NASDAQ正2,562287,112370283,199,201,199,200,7.25,705
1150904,00671R,富邦NASDAQ反1,5432213,13154942,2,2,2,2,-0.05,182
1150904,00673R,期元大S&P原油反1,67217771,753453129,11,11,11,11,-0.14,6196
1150904,00674R,期元大S&P黃金反1,103167,2819387,27,27,27,27,-0.26,59
1150904,00675L,富邦臺灣加權正2,1196569,380181455,319,322,313,322,12.05,1218
1150904,00676R,富邦臺灣加權反1,7649150,41704178,5,5,5,5,-0.08,534
1150904,00678,群益那斯達克生技,438840,19569296,44,44,44,44,0.25,124
1150904,00680L,元大美債20正2,9368617,59980593,6,6,6,6,0.02,350
1150904,00681R,元大美債20反1,195000,4234500,21,21,21,21,-0.06,6
1150904,00682U,期元大美元指數,2152,43961,20,20,20,20,0.0,4
1150904,00683L,期元大美元指正2,11171,237103,21,21,21,21,-0.2,7
1150904,00684R,期元大美元指反1,21,322,0,0,0,0,0.0,1
1150904,00685L,群益臺灣加權正2,211518705,2538787841,12,12,11,12,0.44,28250
1150904,00686R,群益臺灣加權反1,6266737,6093090,0,0,0,0,0.0,193
1150904,00688L,國泰20年美債正2,3196509,20442692,6,6,6,6,0.01,139
1150904,00689R,國泰20年美債反1,205131,4664580,22,22,22,22,-0.01,7
1150904,00690,兆豐藍籌30,294434,23320546,79,79,78,79,1.9,532
1150904,00692,富邦公司治理,523566,48154447,92,92,91,92,1.35,849
1150904,00693U,期街口S&P黃豆,1746893,41731654,23,23,23,23,-0.03,348
1150904,00700,富邦恒生國企,181391,3192607,17,17,17,17,0.38,122
1150904,00701,國泰股利精選30,777460,31034952,39,40,39,40,0.48,660
1150904,00702,國泰標普低波高息,102193,2551667,24,24,24,24,0.05,68
1150904,00703,台新MSCI中國,37006,724944,19,19,19,19,0.3,107
1150904,00706L,期元大S&P日圓正2,4018432,79027030,19,19,19,19,0.3,812
1150904,00707R,期元大S&P日圓反1,1000,31620,31,31,31,31,0.0,1
1150904,00708L,期元大S&P黃金正2,4938548,413398239,84,84,83,83,1.5,2488
1150904,00709,富邦歐洲,5222,213684,40,40,40,40,0.24,116
1150904,00710B,復華彭博非投等債,180258,3444242,19,19,19,19,0.01,56
1150904,00711B,復華彭博新興債,114792,1783916,15,15,15,15,0.02,91
1150904,00712,復華富時不動產,20471502,177489039,8,8,8,8,0.04,3482
1150904,00713,元大台灣高息低波,4445604,281373274,63,63,62,63,0.35,3692
1150904,00714,群益道瓊美國地產,147290,3201499,21,21,21,21,0.22,21
1150904,00715L,期街口布蘭特正2,4524464,259649820,57,57,56,57,0.95,1492
1150904,00717,富邦美國特別股,166564,2440760,14,14,14,14,0.06,184
1150904,00728,第一金工業30,232388,16101916,68,69,68,69,1.6,279
1150904,00730,富邦臺灣優質高息,76271,2189163,28,29,28,29,0.6,204
1150904,00731,復華富時高息低波,605279,59039593,97,98,96,98,1.25,192
1150904,00733,富邦臺灣中小,1102185,73601498,66,67,65,67,2.4,636
1150904,00735,國泰臺韓科技,1616183,166556471,103,104,102,104,3.45,1522
1150904,00736,國泰新興市場,159071,5064955,31,31,31,31,0.28,15
1150904,00737,國泰AI機器人,126547,5129098,40,40,40,40,0.6,110
1150904,00738U,期元大道瓊白銀,2290311,121570147,53,53,52,52,0.75,997
1150904,00739,元大MSCI A股,96615,2681884,27,27,27,27,0.29,79
1150904,00752,中信中國50,863885,20019273,22,23,22,23,0.38,394
1150904,00753L,中信中國50正2,11996940,113547298,9,9,9,9,0.35,1368
1150904,00757,統一FANG+,735304,103833944,140,141,140,141,3.3,1666
1150904,00762,元大全球AI,439017,49599896,112,113,112,113,3.25,346
1150904,00763U,期街口道瓊銅,352821,12312387,34,35,34,34,0.43,148
1150904,00770,國泰北美科技,967694,65686624,68,68,67,68,1.15,697
1150904,00771,元大US高息特別股,18986,289593,15,15,15,15,-0.02,67
1150904,00775B,台新投等債15+,160033,4929019,30,30,30,30,-0.06,5
1150904,00783,富邦中証500,59594,1663760,27,27,27,27,0.04,76
1150904,00830,國泰費城半導體,5222790,419888680,80,80,80,80,1.55,5016
1150904,00850,元大臺灣ESG永續,1018796,94080563,92,92,91,92,1.6,920
1150904,00851,台新全球AI,45858,3224949,70,70,70,70,0.9,90
1150904,00852L,國泰美國道瓊正2,406503,14631542,36,36,35,36,0.85,44
1150904,00861,元大全球未來通訊,45835,3843295,83,85,83,84,1.75,224
1150904,00865B,國泰US短期公債,2092693,101894745,48,48,48,48,0.0,522
1150904,00875,國泰網路資安,100223,5334683,53,53,53,53,1.15,164
1150904,00876,元大全球5G,151616,12842604,84,85,84,85,1.3,349
1150904,00878,國泰永續高股息,58017725,1971994187,33,34,33,34,0.53,18668
1150904,00881,國泰台灣科技龍頭,16314746,817599489,50,50,49,50,0.55,7078
1150904,00882,中信中國高股息,5421339,81859822,15,15,15,15,0.13,1184
1150904,00885,富邦越南,4581590,86035431,18,18,18,18,0.3,1339
1150904,00891,中信關鍵半導體,7513202,261527193,34,35,34,34,0.58,3368
1150904,00892,富邦台灣半導體,3403649,138556184,41,41,40,40,0.61,654
1150904,00893,國泰智能電動車,627091,26640195,42,42,42,42,0.88,379
1150904,00894,中信小資高價30,372991,17573213,47,47,46,47,0.82,647
1150904,00895,富邦未來車,443553,22201553,50,50,49,50,1.1,363
1150904,00896,中信綠能及電動車,10022950,283252850,28,28,28,28,0.54,3043
1150904,00897,富邦基因免疫生技,756048,10113174,13,13,13,13,0.08,265
1150904,00898,國泰基因免疫革命,1019454,11230898,11,11,10,11,0.05,267
1150904,00899,FT潔淨能源,19996,462007,23,23,23,23,0.14,122
1150904,00900,富邦特選高股息30,9301609,182853168,19,19,19,19,0.22,1997
1150904,00901,永豐智能車供應鏈,221803,10213535,46,46,45,46,0.89,156
1150904,00902,中信電池及儲能,326870,4297626,13,13,13,13,0.16,246
1150904,00903,富邦元宇宙,278558,5924875,21,21,21,21,0.35,170
1150904,00904,台新臺灣半導體30,688884,27883070,40,40,40,40,0.52,480
1150904,00905,FT臺灣Smart,507250,13338577,26,26,26,26,0.34,536
1150904,00907,永豐優息存股,632573,11165098,17,17,17,17,0.13,310
1150904,00908,富邦入息REITs+,49884,761303,15,15,15,15,0.06,58
1150904,00909,國泰數位支付服務,4206663,203916999,48,48,48,48,3.8,2919
1150904,00910,第一金太空衛星,509001,28819209,56,57,56,57,0.55,1078
1150904,00911,兆豐洲際半導體,728018,36827025,50,50,50,50,0.75,457
1150904,00912,中信臺灣智慧50,80235,2807676,34,35,34,35,0.53,208
1150904,00913,兆豐台灣晶圓製造,689909,32628467,47,47,46,47,0.88,429
1150904,00915,凱基優選高股息30,2034188,66249834,32,32,32,32,0.36,882
1150904,00916,國泰全球品牌50,1597171,43313782,27,27,26,27,0.48,641
1150904,00917,中信特選金融,458126,11102769,24,24,24,24,0.33,262
1150904,00918,大華優利高填息30,59428621,2121906080,35,35,35,35,0.42,15895
1150904,00919,群益台灣精選高息,79166055,2603240195,32,33,32,33,0.5,26169
1150904,00920,富邦ESG綠色電力,95394,2346275,24,24,24,24,0.67,182
1150904,00921,兆豐龍頭等權重,766852,18843068,24,24,24,24,0.31,433
1150904,00922,國泰台灣領袖50,5169022,216957021,42,42,41,42,0.7,2410
1150904,00923,群益台ESG低碳50,3087750,123583649,40,40,39,40,0.62,1830
1150904,00924,復華S&P500成長,1412462,46971667,33,33,33,33,0.5,857
1150904,00926,凱基全球菁英55,114290,3035020,26,26,26,26,0.32,180
1150904,00927,群益半導體收益,7506879,274954982,36,36,36,36,0.57,3049
1150904,00929,復華台灣科技優息,24816752,724356937,29,29,28,29,0.51,8610
1150904,00930,永豐ESG低碳高息,1666396,40335572,24,24,24,24,0.31,516
1150904,00932,兆豐永續高息等權,470427,8229923,17,17,17,17,0.15,208
1150904,00934,中信成長高股息,2354992,71537512,30,30,30,30,0.56,924
1150904,00935,野村臺灣新科技50,8856362,516982120,58,58,57,58,1.2,3952
1150904,00936,台新永續高息中小,656540,14041720,21,21,21,21,0.15,307
1150904,00938,凱基優選30,1180487,31081417,26,26,26,26,0.36,197
1150904,00939,統一台灣高息動能,3612189,85803519,23,23,23,23,0.32,976
1150904,00940,元大台灣價值高息,23896929,309705274,12,13,12,13,0.23,4884
1150904,00941,中信上游半導體,546765,13479753,24,24,24,24,0.25,554
1150904,00943,兆豐電子高息等權,149191,3181404,21,21,21,21,0.36,112
1150904,00944,野村趨勢動能高息,217376,4648974,21,21,21,21,0.34,176
1150904,00945B,凱基美國非投等債,2926460,42196559,14,14,14,14,0.02,342
1150904,00946,群益科技高息成長,2988467,46185157,15,15,15,15,0.31,774
1150904,00947,台新臺灣IC設計,3775424,140534357,37,37,36,37,0.74,1670
1150904,00949,復華日本龍頭,327191,7201225,21,22,21,22,0.19,241
1150904,00951,台新日本半導體,1814732,30642394,16,17,16,17,0.61,660
1150904,00952,凱基台灣AI50,2619576,48153052,18,18,18,18,0.52,485
1150904,00953B,群益優選非投等債,25453254,243594106,9,9,9,9,0.01,3506
1150904,00954,中信日本半導體,1811109,32606679,18,18,17,18,0.64,490
1150904,00956,中信日經高股息,141670,1936343,13,13,13,13,0.01,143
1150904,00960,野村全球航運龍頭,592637,12603301,21,21,21,21,-0.05,2593
1150904,00961,FT臺灣永續高息,25097594,340173428,13,13,13,13,0.18,4434
1150904,00962,台新AI優息動能,3303028,51404306,15,15,15,15,0.38,817
1150904,00963,中信全球高股息,284227,3769199,13,13,13,13,0.08,241
1150904,00964,中信亞太高股息,1241241,18608688,14,15,14,15,0.17,279
1150904,00965,元大航太防衛科技,991624,24996133,25,25,25,25,0.32,565
1150904,00971,野村美國研發龍頭,417708,7371800,17,17,17,17,0.33,175
1150904,00972,野村日本動能高息,103557,2298498,22,22,22,22,-0.09,42
1150904,009800,中信NASDAQ,864536,11259842,13,13,12,13,0.25,385
1150904,009801,中信美國創新科技,546021,6125359,11,11,11,11,0.21,263
1150904,009802,富邦旗艦50,8272408,166211965,20,20,19,20,0.46,1983
1150904,009803,玉山市值動能50,4958157,109104109,22,22,21,22,0.36,1882
1150904,009804,聯邦台精彩50,1607477,36788852,23,23,22,23,0.43,335
1150904,009805,台新美國電力基建,5648064,84713593,14,15,14,15,0.26,1553
1150904,009808,華南永昌優選50,132476,4122731,31,31,30,31,0.51,64
1150904,009809,富邦淨零ESG50,607688,10909109,17,18,17,17,0.26,71
1150904,00980A,主動野村臺灣優選,7003637,171550562,24,24,24,24,0.51,2210
1150904,009810,玉山全球藍籌100,103445,2223861,21,21,21,21,0.27,54
1150904,009811,統一美國50,1153954,15455101,13,13,13,13,0.23,365
1150904,009812,野村日本東證,383303,4989291,13,13,12,13,0.14,129
1150904,009813,貝萊德標普卓越50,2709003,30786400,11,11,11,11,0.18,394
1150904,009816,凱基台灣TOP50,74456140,1176784208,15,15,15,15,0.28,16985
1150904,009817,國泰日本不動產,1028628,9348472,9,9,9,9,0.07,151
1150904,009818,華南永昌NASDAQxT,287962,5762453,19,20,19,20,0.4,108
1150904,009819,中信數據及電力,2814908,27333597,9,9,9,9,0.14,1041
1150904,00981A,主動統一台股增長,113174114,3344033416,29,29,29,29,0.64,31157
1150904,00981T,平衡凱基雙核收息,1903588,22522891,11,11,11,11,0.06,210
1150904,009820,元大納斯達克精選,4648045,45544876,9,9,9,9,0.16,553
1150904,009821,野村稀土關鍵資源,4356701,66002172,15,15,15,15,0.24,1332
1150904,009824,群益美國科技巨頭,14937916,151042204,10,10,10,10,0.18,2141
1150904,009826,貝萊德世界股票,6794962,68826397,10,10,10,10,0.11,2236
1150904,009827,玉山未來全球算力,16071928,162439251,10,10,10,10,0.27,2682
1150904,009828,中信台日韓PCB,103246680,964269916,9,9,9,9,0.1,18450
1150904,009829,大華韓國KOSPI50,19781160,205442155,10,10,10,10,0.47,2099
1150904,00982A,主動群益台灣強棒,15056672,342976406,22,23,22,22,0.55,4100
1150904,00982D,主動富邦動態入息,164573,1589833,9,9,9,9,0.01,107
1150904,00982T,平衡兆豐台美動能,111691,1753245,15,15,15,15,0.23,59
1150904,00983A,主動中信ARK創新,1855821,23596588,12,12,12,12,0.54,654
1150904,00983D,主動富邦複合收益,572841,5642731,9,9,9,9,0.01,138
1150904,00984A,主動安聯台灣高息,3896284,60571104,15,15,15,15,0.17,1465
1150904,00984D,主動聯博全球非投,23199067,229515923,9,9,9,9,-0.01,2150
1150904,00985A,主動野村台灣50,3380128,77881484,23,23,22,23,0.39,1004
1150904,00985B,群益ESG投等債0-5,6483604,65728394,10,10,10,10,0.02,396
1150904,00986A,主動台新龍頭成長,148958,2116305,14,14,14,14,0.21,112
1150904,00987A,主動台新優勢成長,1287588,21015215,16,16,16,16,0.23,446
1150904,00988A,主動統一全球創新,24690800,392560730,15,16,15,15,0.46,6497
1150904,00989A,主動摩根美國科技,741356,12549047,16,16,16,16,0.46,161
1150904,00990A,主動元大AI新經濟,35645099,529864644,14,15,14,14,0.31,6437
1150904,00991A,主動復華未來50,60208108,1056753053,17,17,17,17,0.42,12336
1150904,00991B,貝萊德A級公司債,835419,12330497,14,14,14,14,0.0,22
1150904,00992A,主動群益科技創新,41302146,753328429,18,18,17,18,0.43,6496
1150904,00993A,主動安聯台灣,2949755,38984817,13,13,13,13,0.26,860
1150904,00994A,主動第一金台股優,3821903,64107423,16,16,16,16,0.33,765
1150904,00995A,主動中信台灣卓越,3506619,60377569,17,17,16,17,0.25,638
1150904,00996A,主動兆豐台灣豐收,3728657,51503233,13,13,13,13,0.34,641
1150904,00997A,主動群益美國增長,7450875,81375020,10,10,10,10,0.17,1501
1150904,00999A,主動野村臺灣高息,16357713,187924984,11,11,11,11,0.18,3028
1150904,01001T,土銀富邦R1,169180,1894791,11,11,11,11,-0.08,19
1150904,01002T,土銀國泰R1,58000,754700,13,13,13,13,0.0,17
1150904,01004T,土銀富邦R2,79000,794840,10,10,10,10,0.0,34
1150904,01007T,兆豐國泰R2,88000,991540,11,11,11,11,-0.1,63
1150904,01009T,王道圓滿R1,18000,102100,5,5,5,5,0.0,9
1150904,01010T,京城樂富R1,95000,950000,10,10,10,10,0.0,17
1150904,020000,富邦特選蘋果N,102000,3163390,31,31,30,31,0.14,33
1150904,020011,統一微波高息20N,0,0,0,0,0,0,0.0,0
1150904,020012,富邦行動通訊N,0,0,0,0,0,0,0.0,0
1150904,02001L,富邦蘋果正二N,115000,15743900,138,139,134,138,6.35,42
1150904,020020,元大台股領航N,16000,461600,28,28,28,28,0.3,9
1150904,020028,元大特選電動車N,10000,213000,21,21,21,21,-0.14,1
1150904,020029,元大ESG高股息N,4000,77780,19,19,19,19,-0.04,3
1150904,020030,統一智慧電動車N,24000,473930,19,19,19,19,0.16,5
1150904,020031,統一IC設計臺灣N,0,0,0,0,0,0,0.0,0
1150904,020032,元大綠能N,0,0,0,0,0,0,0.0,0
1150904,020034,元大IC設計N,57000,873710,15,15,15,15,-0.16,22
1150904,020036,元大金融配息N,0,0,0,0,0,0,0.0,0
1150904,020037,元大金融高股息N,6000,76860,12,12,12,12,0.0,2
1150904,020038,元大ESG配息N,1000,14960,14,14,14,14,-0.09,1
1150904,020039,元大加權N,2000,29570,14,14,14,14,0.0,2
1150904,1101,台泥,18895624,462918305,24,24,24,24,0.15,5687
1150904,1101B,台泥乙特,8289,360438,43,43,43,43,-0.15,48
1150904,1102,亞泥,4402567,154067883,35,35,34,35,-0.1,2309
1150904,1103,嘉泥,225637,2987742,13,13,13,13,0.05,180
1150904,1104,環泥,683091,18842309,27,27,27,27,-0.1,787
1150904,1108,幸福,426229,4938995,11,11,11,11,0.05,170
1150904,1109,信大,90488,1221913,13,13,13,13,0.05,72
1150904,1110,東泥,207934,3365271,16,16,16,16,0.2,183
1150904,1201,味全,455494,5548007,12,12,12,12,0.1,296
1150904,1203,味王,25709,1138878,43,45,43,44,1.5,60
1150904,1210,大成,926251,48241362,51,52,51,52,0.4,784
1150904,1213,大飲,5301,40138,7,7,7,7,0.23,10
1150904,1215,卜蜂,399725,43844378,110,110,108,110,0.5,630
1150904,1216,統一,6727435,507895823,75,75,75,75,0.0,3269
1150904,1217,愛之味,402005,4002902,9,9,9,9,-0.01,395
1150904,1218,泰山,757854,10931005,14,14,14,14,0.1,309
1150904,1219,福壽,142231,1644204,11,11,11,11,0.1,127
1150904,1220,台榮,43208,463026,10,10,10,10,0.0,120
1150904,1225,福懋油,211683,5296732,24,25,24,25,0.1,138
1150904,1227,佳格,418426,11937258,28,28,28,28,0.0,357
1150904,1229,聯華,1167970,48813943,42,42,41,41,-0.25,3382
1150904,1231,聯華食,288502,23144105,80,81,79,80,0.6,947
1150904,1232,大統益,107183,16801890,155,157,155,157,1.5,174
1150904,1233,天仁,15247,430315,28,28,28,28,-0.3,25
1150904,1234,黑松,79529,2654715,33,33,33,33,0.15,108
1150904,1235,興泰,12100,460950,37,38,37,38,0.05,15
1150904,1236,宏亞,93934,2448353,25,26,25,26,0.1,137
1150904,1256,鮮活果汁-KY,73843,12739336,174,174,171,173,0.0,273
1150904,1301,台塑,26921626,1752844824,66,66,64,66,0.3,16617
1150904,1303,南亞,67299234,15031119549,226,229,218,225,4.5,48266
1150904,1304,台聚,2068871,25446103,12,12,12,12,-0.1,971
1150904,1305,華夏,2186765,26639861,12,12,12,12,-0.15,923
1150904,1307,三芳,667231,20268866,30,30,30,30,0.1,459
1150904,1308,亞聚,1099385,15536885,14,14,14,14,-0.25,572
1150904,1309,台達化,1192472,16105248,13,13,13,13,0.05,703
1150904,1310,台苯,3093178,26680110,8,8,8,8,-0.1,1413
1150904,1312,國喬,33051814,477852348,15,15,14,14,-0.3,10473
1150904,1312A,國喬特,0,0,0,0,0,0,0.0,0
1150904,1313,聯成,2009479,23794810,12,12,11,11,0.0,886
1150904,1314,中石化,16389736,132587166,8,8,8,8,0.0,3950
1150904,1315,達新,16915,1111797,65,65,65,65,0.1,46
1150904,1316,上曜,2288111,24353072,10,10,10,10,-0.15,1039
1150904,1319,東陽,1654806,135168018,81,82,80,82,1.2,1243
1150904,1321,大洋,73200,2370770,32,32,32,32,-0.1,65
1150904,1323,永裕,8422,179177,21,21,21,21,-0.1,32
1150904,1324,地球,55600,566852,10,10,10,10,-0.15,43
1150904,1325,恆大,142532,3612304,25,25,25,25,0.1,116
1150904,1326,台化,41291535,2844287406,70,70,67,69,0.1,23371
1150904,1337,再生-KY,212201,961376,4,4,4,4,0.05,211
1150904,1338,廣華-KY,33010,475998,14,14,14,14,0.0,25
1150904,1339,昭輝,107185,4595945,42,43,42,43,0.4,124
1150904,1340,勝悅-KY,126992,663881,5,5,5,5,0.07,145
1150904,1341,富林-KY,4004,237733,59,59,59,59,0.6,7
1150904,1342,八貫,87343,8957732,103,103,102,102,0.5,103
1150904,1402,遠東新,5541724,161227803,29,29,28,29,0.05,2964
1150904,1409,新纖,10734570,261467504,24,24,24,24,-0.05,5230
1150904,1410,南染,134868,3327420,24,24,24,24,0.0,139
1150904,1413,宏洲,23203,214228,9,9,9,9,0.11,24
1150904,1414,東和,243211,4315395,18,18,17,17,-0.05,183
1150904,1416,廣豐,233226,2734258,11,11,11,11,0.05,155
1150904,1417,嘉裕,93580,773001,8,8,8,8,-0.01,107
1150904,1418,東華,6217,109626,17,17,17,17,0.15,22
1150904,1419,新紡,45815,3048798,66,67,66,66,0.5,114
1150904,1423,利華,1288,45542,35,35,35,35,0.0,10
1150904,1432,大魯閣,94601,1421882,15,15,15,15,0.0,210
1150904,1434,福懋,1555115,28094974,18,18,17,18,0.1,844
1150904,1435,中福,33135,741530,21,23,21,22,0.95,66
1150904,1436,華友聯,128475,4909541,38,38,37,38,0.2,238
1150904,1437,勤益控,57017,1823849,31,32,31,32,0.1,64
1150904,1438,三地開發,23716,530258,22,22,22,22,0.1,39
1150904,1439,雋揚,11025,321222,29,29,28,29,0.2,13
1150904,1440,南紡,5324876,73129567,14,14,13,13,-0.3,2119
1150904,1441,大東,11626,102509,8,8,8,8,0.0,89
1150904,1442,名軒,186199,5537665,29,30,29,30,0.5,126
1150904,1443,立益物流,19140,455268,23,23,23,23,-0.1,23
1150904,1444,力麗,1918026,13538666,7,7,7,7,-0.01,851
1150904,1445,大宇,99505,1014424,10,10,10,10,-0.05,33
1150904,1446,宏和,89623,1204703,13,13,13,13,-0.05,53
1150904,1447,力鵬,1149095,7715465,6,6,6,6,-0.04,536
1150904,1449,佳和,325186,3967498,12,12,12,12,0.1,184
1150904,1451,年興,40827,703643,17,17,17,17,0.0,82
1150904,1452,宏益,74855,849493,11,11,11,11,0.0,71
1150904,1453,大將,22757,253544,11,11,11,11,0.05,34
1150904,1454,台富,20468,249238,12,12,12,12,0.05,39
1150904,1455,集盛,891137,8877875,10,10,9,9,-0.01,642
1150904,1456,怡華,55000,779400,14,14,14,14,0.0,25
1150904,1457,宜進,151236,2181956,14,14,14,14,0.1,152
1150904,1459,聯發,306543,4759991,15,15,15,15,0.35,189
1150904,1460,宏遠,244422,1612273,6,6,6,6,0.04,144
1150904,1463,強盛新,15492,269379,17,17,17,17,0.05,35
1150904,1464,得力,225463,2270479,10,10,10,10,0.05,198
1150904,1465,偉全,156805,1868938,11,12,11,11,-0.05,163
1150904,1466,聚隆,120192,1901038,15,15,15,15,0.25,103
1150904,1467,南緯,193561,1598441,8,8,8,8,-0.02,209
1150904,1468,昶和,71061,901562,12,13,12,13,0.1,47
1150904,1470,大統新創,31000,735100,23,24,23,23,0.0,10
1150904,1471,首利,226266,2201722,9,9,9,9,0.01,111
1150904,1472,三洋實業,27682,2473075,89,90,88,89,1.7,28
1150904,1473,台南,26702,537022,20,20,20,20,0.0,39
1150904,1474,弘裕,21477,214414,10,10,9,10,0.01,29
1150904,1475,業旺,12000,315150,26,26,26,26,0.15,11
1150904,1476,儒鴻,870350,272612478,314,316,312,313,-0.5,1114
1150904,1477,聚陽,984999,192363734,195,196,193,196,2.5,896
1150904,1503,士電,1280615,263665994,204,208,203,207,6.5,1791
1150904,1504,東元,4919804,354432618,72,73,71,72,1.2,4566
1150904,1506,正道,148462,1489591,10,10,10,10,0.05,56
1150904,1512,瑞利,78282,484672,6,6,6,6,0.05,58
1150904,1513,中興電,1475029,242550640,164,166,162,165,3.0,1905
1150904,1514,亞力,1169826,119391596,102,103,101,102,1.5,2009
1150904,1515,力山,1318907,40204658,31,31,30,30,-0.2,1198
1150904,1516,川飛,4540,65239,14,14,14,14,0.0,43
1150904,1517,利奇,284817,3096930,10,10,10,10,0.15,259
1150904,1519,華城,1702643,1261309624,730,755,724,746,24.0,5137
1150904,1521,大億,17551,451725,25,25,25,25,-0.05,17
1150904,1522,堤維西,522099,13998293,27,27,26,26,0.0,478
1150904,1522A,堤維西甲特,0,0,0,0,0,0,0.0,0
1150904,1524,耿鼎,257060,6886943,26,26,26,26,0.15,188
1150904,1525,江申,36122,2386383,66,66,65,66,0.0,47
1150904,1526,日馳,123410,1939231,16,16,15,15,0.35,103
1150904,1527,鑽全,65919,2149119,32,32,32,32,0.05,81
1150904,1528,恩德,525394,9991705,18,19,18,19,0.45,414
1150904,1529,樂事綠能,496224,8151695,16,16,16,16,-0.25,416
1150904,1530,亞崴,20162,571544,28,28,28,28,-0.35,47
1150904,1531,高林股,176459,2107645,11,12,11,12,0.15,157
1150904,1532,勤美,169733,3910301,23,23,22,23,-0.05,166
1150904,1533,車王電,86609,2661469,31,31,30,30,-0.45,94
1150904,1535,中宇,22201,1008924,46,46,45,45,0.05,26
1150904,1536,和大,1176427,58136609,50,50,48,49,0.6,911
1150904,1537,廣隆,217745,25178597,116,116,115,115,-1.0,402
1150904,1538,正峰,218,1876,0,0,0,0,0.0,2
1150904,1539,巨庭,48414,752434,15,15,15,15,0.0,35
1150904,1540,喬福,119510,2360461,19,19,19,19,0.15,134
1150904,1541,錩泰,6099,130533,21,21,21,21,-0.25,10
1150904,1558,伸興,80444,8524818,106,106,105,106,0.5,109
1150904,1560,中砂,1570777,1094320259,728,731,683,695,-16.0,4106
1150904,1568,倉佑,268227,7807125,28,29,28,29,0.75,212
1150904,1582,信錦,302724,22292329,73,74,72,74,0.9,336
1150904,1583,程泰,10155,493540,48,48,48,48,0.7,13
1150904,1587,吉茂,131215,3152216,24,24,23,24,-0.15,111
1150904,1590,亞德客-KY,289906,402538681,1375,1415,1370,1395,20.0,525
1150904,1597,直得,7090442,1078318662,151,158,147,155,10.5,6520
1150904,1598,岱宇,233793,4708601,19,20,19,20,0.3,196
1150904,1603,華電,188210,5664006,30,30,29,30,0.05,155
1150904,1604,聲寶,226923,5337955,23,23,23,23,0.05,166
1150904,1605,華新,15702040,597285452,38,38,37,38,0.8,7774
1150904,1608,華榮,1715109,62425148,36,36,36,36,0.15,1397
1150904,1609,大亞,2202291,81801778,37,37,36,37,0.35,1675
1150904,1611,中電,438818,5137398,11,11,11,11,0.1,326
1150904,1612,宏泰,380239,13222758,34,35,34,34,0.1,300
1150904,1614,三洋電,68778,2108706,30,30,30,30,0.05,59
1150904,1615,大山,72692,3201814,44,44,43,44,-0.3,78
1150904,1616,億泰,235261,4440775,19,19,18,19,0.2,149
1150904,1617,榮星,290783,5401694,18,18,18,18,0.25,239
1150904,1618,合機,229424,9069831,39,39,39,39,0.15,344
1150904,1623,大東電,55139,11343960,210,210,203,208,1.0,560
1150904,1626,艾美特-KY,46167,444441,9,9,9,9,0.03,41
1150904,1702,南僑,170611,5531322,32,32,32,32,0.15,146
1150904,1707,葡萄王,179864,16318202,91,91,90,90,-0.2,269
1150904,1708,東鹼,2355430,120235449,51,51,50,51,0.6,1634
1150904,1709,和益,8132636,278989554,34,34,33,34,0.55,5259
1150904,1710,東聯,8694844,137799441,16,16,15,15,-0.25,2885
1150904,1711,永光,3891631,163148960,42,42,40,42,0.75,3014
1150904,1712,興農,594127,24078019,40,40,40,40,0.05,606
1150904,1713,國化,744550,32344248,44,44,43,43,-0.5,341
1150904,1714,和桐,9337144,154280885,16,16,16,16,0.1,5118
1150904,1717,長興,23667655,1778208185,78,78,73,76,-0.7,17696
1150904,1718,中纖,17782501,188006353,10,10,10,10,-0.1,4397
1150904,1720,生達,138309,7736480,56,56,55,56,0.0,272
1150904,1721,三晃,445734,8933853,20,20,19,20,0.4,322
1150904,1722,台肥,1890696,84755852,45,45,44,44,0.15,1164
1150904,1723,中碳,822693,70334696,86,86,84,86,-0.9,1020
1150904,1725,元禎,40132,1277110,31,32,31,32,0.65,42
1150904,1726,永記,14000,1079800,77,77,77,77,0.5,14
1150904,1727,中華化,5890316,544274351,90,95,88,94,5.5,5769
1150904,1730,花仙子,12078,622423,51,51,51,51,0.0,35
1150904,1731,美吾華,98682,2068738,21,21,20,20,0.05,95
1150904,1732,毛寶,40655,1054172,25,26,25,26,0.25,54
1150904,1733,五鼎,246259,7960819,32,32,32,32,0.1,195
1150904,1734,杏輝,117624,3597746,30,30,30,30,0.0,184
1150904,1735,日勝化,39609,800460,20,20,20,20,0.15,57
1150904,1736,喬山,137123,17066009,124,125,123,125,3.5,211
1150904,1737,臺鹽,282361,8672252,30,30,30,30,0.0,375
1150904,1752,南光,29128,922939,31,31,31,31,0.4,28
1150904,1760,寶齡富錦,155052,8721281,56,56,56,56,0.0,143
1150904,1762,中化生,99270,3539614,35,36,35,35,-0.15,132
1150904,1773,勝一,432260,70190557,163,164,160,162,1.5,543
1150904,1776,展宇,25000,427550,17,17,17,17,0.2,16
1150904,1783,和康生,71794,2758227,38,38,38,38,-0.5,166
1150904,1786,科妍,231246,10656982,44,47,44,47,2.75,255
1150904,1789,神隆,347013,6598230,19,19,18,19,0.2,219
1150904,1795,美時,750900,135937148,182,183,179,182,0.5,1104
1150904,1802,台玻,20537951,1207838626,60,60,57,59,0.5,12888
1150904,1805,寶徠,38009,385039,10,10,10,10,-0.05,21
1150904,1806,冠軍,333200,2671538,8,8,8,8,0.02,151
1150904,1808,潤隆,1770833,61752009,35,35,34,34,-1.1,1606
1150904,1809,中釉,1120950,42070290,37,38,36,37,0.65,988
1150904,1810,和成,2477267,59685133,24,24,23,24,0.25,1120
1150904,1817,凱撒衛,18713,750585,40,40,40,40,0.0,47
1150904,1903,士紙,55123,2618757,47,47,47,47,0.05,57
1150904,1904,正隆,1652062,41124407,25,25,24,24,-0.3,1157
1150904,1905,華紙,1518467,20492909,13,13,13,13,-0.15,767
1150904,1906,寶隆,16715,186620,11,11,11,11,0.0,30
1150904,1907,永豐餘,1034877,30886047,30,30,29,29,-0.45,825
1150904,1909,榮成,2960356,32492692,11,11,10,11,-0.15,876
1150904,2002,中鋼,14449723,275414448,19,19,19,19,0.1,4841
1150904,2002A,中鋼特,7098,264853,37,37,37,37,0.15,10
1150904,2006,東和鋼鐵,1379368,112491251,82,82,81,81,-1.0,3227
1150904,2007,燁興,109271,759422,7,7,6,7,0.07,82
1150904,2008,高興昌,12343,380062,30,30,30,30,0.3,22
1150904,2009,第一銅,1090587,42796420,39,39,38,39,0.2,907
1150904,2010,春源,803093,18020979,22,22,22,22,0.0,408
1150904,2012,春雨,66317,957589,14,14,14,14,0.05,74
1150904,2013,中鋼構,46346,1931583,41,41,41,41,0.05,94
1150904,2014,中鴻,1688324,28569793,17,17,16,17,0.1,777
1150904,2015,豐興,191579,12364578,64,64,64,64,0.5,181
1150904,2017,官田鋼,588119,5327892,9,9,9,9,0.15,386
1150904,2020,美亞,261361,5707380,21,21,21,21,0.05,218
1150904,2022,聚亨,221339,1665468,7,7,7,7,-0.04,200
1150904,2023,燁輝,743607,10279362,13,13,13,13,0.05,391
1150904,2024,志聯,6052,80183,13,13,13,13,0.0,22
1150904,2025,千興,254736,3214836,12,12,12,12,0.05,151
1150904,2027,大成鋼,17349221,863118634,50,50,49,50,0.0,14711
1150904,2028,威致,65045,1022851,15,15,15,15,0.1,47
1150904,2029,盛餘,325010,7048620,21,21,21,21,-0.1,170
1150904,2030,彰源,2348312,54922640,23,23,23,23,0.05,1476
1150904,2031,新光鋼,808729,36186868,45,45,44,44,-0.4,1147
1150904,2032,新鋼,320444,5467085,17,17,16,17,0.4,145
1150904,2033,佳大,1673188,43256145,25,26,24,26,0.5,1196
1150904,2034,允強,3109891,64974295,20,21,20,21,0.45,1456
1150904,2038,海光,239542,3022890,12,12,12,12,0.15,254
1150904,2049,上銀,4629639,1640396315,350,364,342,363,18.5,5990
1150904,2059,川湖,476556,6485707205,13890,14050,13150,13860,410.0,6390
1150904,2062,橋椿,129659,2507147,19,19,19,19,0.15,121
1150904,2069,運錩,276772,5805280,21,21,20,21,0.05,200
1150904,2072,世紀風電,454223,61770645,138,138,135,136,-2.0,750
1150904,2101,南港,745924,23406999,31,31,31,31,-0.05,410
1150904,2102,泰豐,181082,3298213,18,18,18,18,0.0,195
1150904,2103,台橡,3274701,91675885,28,28,27,28,0.3,1460
1150904,2104,國際中橡,2238720,23008532,10,10,10,10,0.0,992
1150904,2105,正新,2051707,63269547,30,30,30,30,0.25,1547
1150904,2106,建大,628048,10813226,17,17,17,17,0.1,426
1150904,2107,厚生,108761,2908624,26,26,26,26,0.05,121
1150904,2108,南帝,614304,18181711,30,30,29,29,-0.15,489
1150904,2109,華豐,56407,836887,14,14,14,14,0.0,62
1150904,2114,鑫永銓,18108,1610522,89,89,88,88,-0.4,116
1150904,2115,六暉-KY,39050,929989,23,24,23,23,0.0,30
1150904,2201,裕隆,5753813,178431830,31,31,30,31,-0.3,3524
1150904,2204,中華,522421,28235182,54,54,53,54,-0.3,569
1150904,2206,三陽工業,510772,32133281,63,63,62,63,0.3,535
1150904,2207,和泰車,388294,207397224,521,539,521,539,18.0,980
1150904,2208,台船,2173173,40901124,18,19,18,18,-0.05,1127
1150904,2211,長榮鋼,357617,29682522,83,83,82,83,-0.6,560
1150904,2227,裕日車,39553,1877642,47,47,47,47,0.05,71
1150904,2228,劍麟,141080,10437039,74,74,73,73,-0.5,383
1150904,2231,為升,147374,13344598,91,91,90,90,0.6,199
1150904,2233,宇隆,460742,76711696,166,169,164,168,3.5,566
1150904,2236,百達-KY,148367,18313156,125,126,121,121,-3.0,137
1150904,2237,華德動能-創,176160,4867725,27,27,27,27,0.0,105
1150904,2239,英利-KY,33036,656155,19,20,19,19,0.1,33
1150904,2241,艾姆勒,458358,16044910,34,36,34,35,1.1,417
1150904,2243,宏旭-KY,300575,13664013,44,46,43,46,2.1,273
1150904,2247,汎德永業,40934,9446806,231,231,229,231,2.0,83
1150904,2248,華勝-KY,42261,2594955,61,62,61,61,-0.2,43
1150904,2250,IKKA-KY,44061,2530396,57,58,56,57,0.5,40
1150904,2254,巨鎧精密-創,1536055,95277510,62,62,61,62,0.1,590
1150904,2258,鴻華先進-創,657298,19835911,30,30,30,30,0.2,405
1150904,2301,光寶科,27528977,8524055944,308,316,302,308,9.0,25000
1150904,2302,麗正,3020957,129718591,43,43,41,43,0.75,2442
1150904,2303,聯電,142867105,18470733693,128,131,126,130,5.0,72525
1150904,2305,全友,12795506,390331818,30,31,29,30,0.75,7147
1150904,2308,台達電,9195063,16707356595,1810,1850,1790,1825,65.0,29993
1150904,2312,金寶,11344593,371681086,32,33,32,32,1.05,6100
1150904,2313,華通,51923966,12859676469,246,255,238,249,13.5,46853
1150904,2314,台揚,73769,830701,11,11,11,11,-0.15,110
1150904,2316,楠梓電,2704675,426428022,157,165,154,155,2.0,2587
1150904,2317,鴻海,49402342,12576410974,252,256,251,256,8.5,40906
1150904,2321,東訊,4023,58208,14,14,14,14,0.0,17
1150904,2323,中環,5015060,54034306,10,10,10,10,-0.05,1567
1150904,2324,仁寶,141506043,5781097796,39,42,39,41,2.85,57604
1150904,2327,國巨*,57702985,31856140839,535,562,532,562,51.0,84043
1150904,2328,廣宇,1003854,46549501,46,46,45,46,0.8,888
1150904,2329,華泰,1438258,61397501,42,43,42,42,0.65,1335
1150904,2330,台積電,14102018,33917316870,2415,2415,2390,2410,20.0,43438
1150904,2331,精英,1404987,27504783,19,19,19,19,0.35,628
1150904,2332,友訊,20151630,387296042,19,19,18,19,0.9,7750
1150904,2337,旺宏,29768667,3559413747,120,123,116,121,4.5,21222
1150904,2338,光罩,746049,28595955,38,38,37,38,0.55,792
1150904,2340,台亞,2360654,79603197,33,34,32,34,0.85,1836
1150904,2342,茂矽,1592793,62806148,40,40,38,39,0.2,1435
1150904,2344,華邦電,100505993,17191041947,174,176,165,174,5.0,78711
1150904,2345,智邦,2163787,4571878280,2145,2190,2075,2100,10.0,5477
1150904,2347,聯強,5869385,515072011,87,88,86,88,1.6,2984
1150904,2348,海悅,286185,20544348,70,72,70,72,1.0,473
1150904,2348A,海悅甲特,36142,1391766,38,38,38,38,0.05,17
1150904,2349,錸德,1141475,12406127,11,11,10,10,0.1,472
1150904,2351,順德,6731626,1581202815,230,239,226,239,16.5,9805
1150904,2352,佳世達,7864250,228813780,28,29,28,29,0.75,3364
1150904,2353,宏碁,40071025,1305114004,31,33,31,32,1.45,16502
1150904,2354,鴻準,12470759,814039696,65,66,64,65,1.9,9109
1150904,2355,敬鵬,1236989,52821057,42,43,42,42,0.95,1317
1150904,2356,英業達,27074525,1821646579,66,67,66,67,2.5,14896
1150904,2357,華碩,5102743,5168660572,988,1030,986,1025,54.0,11255
1150904,2359,所羅門,2839159,402171813,142,143,139,142,1.5,2883
1150904,2360,致茂,1618618,3291340550,2095,2150,1975,2030,15.0,3385
1150904,2362,藍天,2070709,100875306,47,49,47,49,2.05,1582
1150904,2363,矽統,1964400,99852794,50,51,50,51,1.0,1806
1150904,2364,倫飛,285482,19153856,66,67,66,67,1.4,280
1150904,2365,昆盈,743600,21703210,29,29,28,29,0.0,674
1150904,2367,燿華,3650974,157294469,43,44,42,43,0.8,3286
1150904,2368,金像電,9549227,10209436370,1140,1145,1030,1045,-55.0,25296
1150904,2369,菱生,2779791,85826046,31,31,30,31,0.65,1838
1150904,2371,大同,7257358,201434248,27,28,27,28,0.55,3442
1150904,2373,震旦行,33919,1797677,52,53,52,53,0.3,65
1150904,2374,佳能,1527219,103787517,68,69,67,68,0.4,1589
1150904,2375,凱美,6198270,770602308,124,127,121,125,7.0,5332
1150904,2376,技嘉,7465984,2688078160,352,365,352,361,10.5,8204
1150904,2377,微星,23321408,3714731589,153,163,153,161,11.0,19082
1150904,2379,瑞昱,1403920,1003024735,710,725,706,713,6.0,2810
1150904,2380,虹光,57979,1059097,18,18,18,18,0.0,202
1150904,2382,廣達,20571056,7095877034,340,347,340,345,10.0,20864
1150904,2383,台光電,1701788,9122954390,5390,5515,5255,5415,125.0,11633
1150904,2385,群光,3413888,374587094,108,111,108,110,3.0,2620
1150904,2387,精元,354164,12902964,36,36,36,36,-0.2,319
1150904,2388,威盛,14272565,1151365614,75,82,75,81,6.4,10256
1150904,2390,云辰,391211,3987345,10,10,10,10,0.15,283
1150904,2392,正崴,3267943,148024712,45,46,44,45,0.25,2677
1150904,2393,億光,787223,50786130,65,65,64,64,0.2,792
1150904,2395,研華,5020071,3559124419,688,727,685,711,37.0,7831
1150904,2397,友通,204498,12653278,62,62,61,62,0.8,298
1150904,2399,映泰,11766820,552377023,45,47,44,47,2.9,7329
1150904,2401,凌陽,2130021,54191980,25,25,25,25,0.85,1298
1150904,2402,毅嘉,1420518,81204982,58,58,56,57,-0.2,1410
1150904,2404,漢唐,1780078,1861523700,1040,1085,1010,1070,35.0,5829
1150904,2405,輔信,921648,13928694,15,15,15,15,0.1,575
1150904,2406,國碩,3061571,82902324,27,27,26,27,0.2,2096
1150904,2408,南亞科,75118695,36433061345,490,496,470,496,18.5,83002
1150904,2409,友達,158253125,4252112854,27,27,26,26,0.25,56701
1150904,2412,中華電,7383449,1016319907,138,138,137,137,-0.5,4196
1150904,2413,環科,4428068,199808945,41,45,41,45,4.15,3649
1150904,2414,精技,50786,2659537,52,52,52,52,0.1,76
1150904,2415,錩新,123437,3472254,28,28,27,28,0.3,122
1150904,2417,圓剛,378620,15944973,42,42,41,42,0.7,480
1150904,2419,仲琦,3179347,86683347,27,27,27,27,-0.2,2028
1150904,2420,新巨,206377,11257897,54,54,54,54,0.0,517
1150904,2421,建準,8051994,1395253384,168,179,166,178,13.5,8515
1150904,2423,固緯,112258,8204033,74,74,72,73,0.4,146
1150904,2424,隴華,24412,197608,8,8,8,8,0.0,17
1150904,2425,承啟,969164,35861140,36,38,36,37,1.55,1097
1150904,2426,鼎元,62192930,6273693508,98,104,95,104,9.5,43510
1150904,2427,三商電,220034,4855792,21,22,21,22,0.3,256
1150904,2428,興勤,2467223,637880356,250,263,250,260,15.5,2814
1150904,2429,銘旺科,269146,8411316,31,31,30,31,0.4,275
1150904,2430,燦坤,50888,905320,17,17,17,17,0.05,79
1150904,2431,聯昌,64269,648952,10,10,10,10,0.05,49
1150904,2432,倚天酷碁-創,15214,411870,27,27,26,27,0.25,17
1150904,2433,互盛電,34767,1443332,41,41,41,41,0.05,42
1150904,2434,統懋,1775042,117912284,65,68,65,67,3.2,1562
1150904,2436,偉詮電,2148121,139790734,65,66,64,65,0.1,2109
1150904,2438,翔耀,905569,20168285,22,23,21,21,-0.15,653
1150904,2439,美律,1030060,79901964,77,78,77,77,0.3,856
1150904,2440,太空梭,302298,4266273,14,14,14,14,0.05,199
1150904,2441,超豐,2382848,274336413,115,116,113,116,2.5,1602
1150904,2442,新美齊,2896580,55755197,19,19,19,19,0.0,1410
1150904,2444,兆勁,263506,2873140,10,11,10,10,0.0,189
1150904,2449,京元電子,15925999,4179234514,265,267,259,262,1.0,19476
1150904,2450,神腦,153029,4315382,28,28,28,28,0.05,163
1150904,2451,創見,4821567,1367541515,288,292,280,284,-1.5,5919
1150904,2453,凌群,155758,8078363,52,52,51,51,0.0,185
1150904,2454,聯發科,9051589,39901626245,4435,4490,4340,4415,75.0,47659
1150904,2455,全新,24125544,12429070854,548,548,492,528,3.0,28058
1150904,2457,飛宏,804555,18230347,22,22,22,22,0.2,520
1150904,2458,義隆,1513536,201074064,133,134,131,133,0.0,1757
1150904,2459,敦吉,52489,3483398,66,67,66,66,0.1,75
1150904,2460,建通,121096,3430798,28,28,28,28,0.25,135
1150904,2461,光群雷,832211,15092057,18,18,18,18,-0.05,436
1150904,2462,良得電,187550,3730678,19,20,19,20,0.3,175
1150904,2464,盟立,54753350,11658495126,223,224,203,211,-11.0,56325
1150904,2465,麗臺,5766066,563908226,97,102,94,99,3.0,4453
1150904,2466,冠西電,788259,76342048,95,98,95,97,2.5,716
1150904,2467,志聖,1244842,742998215,620,622,570,603,8.0,2879
1150904,2468,華經,236310,7905137,33,33,32,33,1.1,179
1150904,2471,資通,74100,3718314,49,50,49,50,0.2,157
1150904,2472,立隆電,3532039,784431017,214,227,214,225,18.0,5302
1150904,2474,可成,2055216,428085505,209,210,207,209,3.0,1812
1150904,2476,鉅祥,1628089,196880466,124,124,119,121,-1.5,7063
1150904,2477,美隆電,136037,2938044,21,21,21,21,0.1,511
1150904,2478,大毅,5868369,724854167,117,125,117,125,11.0,5436
1150904,2480,敦陽科,109129,17004263,157,157,155,156,0.5,191
1150904,2481,強茂,71771734,11002218111,161,161,146,156,0.0,58593
1150904,2482,連宇,141632,2268646,15,16,15,16,0.2,171
1150904,2483,百容,898009,29999143,33,34,32,33,-0.15,689
1150904,2484,希華,5947607,420485606,71,72,69,70,0.3,4792
1150904,2485,兆赫,1944821,80646101,41,42,40,41,0.6,1873
1150904,2486,一詮,12714300,3262262979,265,265,250,256,-3.5,20025
1150904,2488,漢平,67607,3280205,48,48,48,48,0.15,81
1150904,2489,瑞軒,30904519,1248541314,41,41,39,41,0.1,17555
1150904,2491,吉祥全,3035624,130625562,44,44,41,42,-3.0,2402
1150904,2492,華新科,27375569,8064570394,282,298,282,298,27.0,26725
1150904,2493,揚博,821388,146941646,182,183,175,181,2.5,1134
1150904,2495,普安,1297422,48418868,37,38,36,37,0.55,1229
1150904,2496,卓越,8432,462898,54,55,54,55,0.5,21
1150904,2497,怡利電,249790,11175009,44,45,44,45,0.35,221
1150904,2498,宏達電,9265593,389555041,42,42,41,41,0.0,5348
1150904,2501,國建,1580752,35515624,22,22,22,22,0.05,806
1150904,2504,國產,1164094,36403514,31,31,31,31,-0.25,706
1150904,2505,國揚,205032,3486582,17,17,16,17,0.2,122
1150904,2506,太設,138525,1180405,8,8,8,8,-0.01,75
1150904,2509,全坤建,115508,1718750,14,15,14,14,0.0,95
1150904,2511,太子,1490016,12553875,8,8,8,8,0.09,539
1150904,2514,龍邦,106986,1250478,11,11,11,11,0.1,109
1150904,2515,中工,2645552,32005220,12,12,12,12,0.2,831
1150904,2516,新建,130893,1848609,14,14,13,14,0.25,130
1150904,2520,冠德,3575465,132635184,37,37,36,37,0.2,2737
1150904,2524,京城,53919,1862720,34,34,34,34,0.7,94
1150904,2527,宏璟,389304,16800909,43,43,42,42,-0.25,397
1150904,2528,皇普,286346,5745906,19,20,19,20,0.45,197
1150904,2530,華建,1303433,25990317,19,20,19,20,0.6,835
1150904,2534,宏盛,341644,5813319,17,17,16,17,-0.05,278
1150904,2535,達欣工,156836,13946548,88,89,88,89,0.8,392
1150904,2536,宏普,1211805,23259801,19,19,18,19,0.4,672
1150904,2537,聯上發,677936,7917513,11,11,11,11,0.0,335
1150904,2538,基泰,538369,4755581,8,8,8,8,0.0,317
1150904,2539,櫻花建,840293,29521055,35,35,34,35,-0.1,1005
1150904,2540,愛山林,251467,11849237,46,47,46,47,0.0,378
1150904,2542,興富發,6938993,335815733,48,48,48,48,-0.1,5131
1150904,2543,皇昌,430616,16547805,38,38,38,38,0.1,415
1150904,2545,皇翔,206574,7191333,34,34,34,34,0.2,220
1150904,2546,根基,153701,16477999,106,108,106,107,0.5,486
1150904,2547,日勝生,1329476,13285537,10,10,9,9,-0.01,534
1150904,2548,華固,598093,56388731,93,94,93,94,1.1,706
1150904,2597,潤弘,130510,22041413,169,171,167,169,1.0,207
1150904,2601,益航,1738088,11777009,6,6,6,6,0.05,1168
1150904,2603,長榮,17620657,4084716502,238,238,228,233,-6.0,15292
1150904,2605,新興,9121757,326911269,36,36,35,35,0.35,4277
1150904,2606,裕民,7702734,600112373,79,79,76,78,0.0,8350
1150904,2607,榮運,352808,18821714,53,53,53,53,0.1,308
1150904,2608,嘉里大榮,254658,7242054,28,28,28,28,0.05,184
1150904,2609,陽明,29297988,1704482035,58,59,57,58,0.4,19568
1150904,2610,華航,13363037,272370750,20,20,20,20,-0.1,4294
1150904,2611,志信,547197,7895680,14,14,14,14,-0.1,399
1150904,2612,中航,996828,63176409,63,64,62,63,0.0,1312
1150904,2613,中櫃,357182,8059655,22,22,22,22,0.2,351
1150904,2614,東森,471370,8568407,18,18,18,18,0.15,429
1150904,2615,萬海,19809367,2269973354,115,118,111,115,-0.5,17264
1150904,2616,山隆,82134,1100789,13,13,13,13,0.0,215
1150904,2617,台航,2542585,82663408,32,32,32,32,0.15,1970
1150904,2618,長榮航,10032140,424905908,42,42,42,42,-0.3,8026
1150904,2630,亞航,837197,41786232,50,50,49,50,0.65,707
1150904,2633,台灣高鐵,3708592,96722773,26,26,26,26,-0.1,1476
1150904,2634,漢翔,9832345,637461195,65,65,64,65,0.6,6894
1150904,2636,台驊控股,432633,29893173,69,69,68,69,-0.1,384
1150904,2637,慧洋-KY,6217733,621703095,99,104,97,99,0.0,12962
1150904,2642,宅配通,20101,409080,20,20,20,20,0.1,55
1150904,2645,長榮航太,905169,156278665,173,175,170,173,2.0,1243
1150904,2646,星宇航空,3332509,68710533,20,20,20,20,-0.05,1903
1150904,2701,萬企,42044,437362,10,10,10,10,0.05,39
1150904,2702,華園,14826,188252,12,12,12,12,0.0,27
1150904,2704,國賓,59528,2701049,45,45,45,45,0.25,70
1150904,2705,六福,30427,479105,15,15,15,15,0.1,80
1150904,2706,第一店,76384,956765,12,12,12,12,0.05,46
1150904,2707,晶華,99857,17823300,178,179,177,179,0.5,177
1150904,2712,遠雄來,19156,273264,14,14,14,14,0.25,15
1150904,2722,夏都,46897,1014994,21,21,21,21,0.15,43
1150904,2723,美食-KY,315999,25933772,83,83,81,82,-0.3,341
1150904,2727,王品,113698,26268203,232,232,230,232,0.5,376
1150904,2731,雄獅,142838,20486947,144,144,143,144,1.0,227
1150904,2739,寒舍,72638,2752270,38,38,37,38,0.1,81
1150904,2748,雲品,37051,1438074,38,38,38,38,0.15,56
1150904,2753,八方雲集,82395,14809911,180,180,179,179,-0.5,179
1150904,2762,世界健身-KY,25548,2095078,81,82,81,81,0.1,37
1150904,2801,彰銀,25691019,679948302,26,26,26,26,0.0,12827
1150904,2812,台中銀,9780826,188821005,19,19,19,19,-0.1,3723
1150904,2816,旺旺保,615358,24580157,39,40,39,40,0.45,543
1150904,2820,華票,1607797,27477004,17,17,17,17,0.05,535
1150904,2832,台產,104924,6108418,58,58,58,58,0.5,94
1150904,2834,臺企銀,65441010,1109422794,16,17,16,17,-0.1,14024
1150904,2836,高雄銀,1634258,20028034,12,12,12,12,0.0,789
1150904,2836A,高雄銀甲特,6050,145550,24,24,24,24,0.0,3
1150904,2838,聯邦銀,1593874,32962934,20,20,20,20,0.2,755
1150904,2838A,聯邦銀甲特,39002,2022104,51,52,51,52,0.1,26
1150904,2845,遠東銀,15750287,213669917,13,13,13,13,0.0,4724
1150904,2849,安泰銀,230553,3447247,14,15,14,15,0.5,227
1150904,2850,新產,148462,23655700,159,160,158,159,0.0,370
1150904,2851,中再保,2671524,125668071,47,47,46,46,-0.65,2761
1150904,2852,第一保,332402,9420049,28,28,28,28,0.05,260
1150904,2855,統一證,4309596,218487143,50,51,50,50,0.1,2687
1150904,2880,華南金,12694801,555086904,43,44,43,44,0.55,7501
1150904,2881,富邦金,19146551,2868790167,147,151,147,150,3.5,12743
1150904,2881A,富邦特,45586,2811959,61,61,61,61,-0.1,25
1150904,2881B,富邦金乙特,50726,3076966,60,60,60,60,-0.1,35
1150904,2881C,富邦金丙特,25221,1299761,51,51,51,51,-0.1,63
1150904,2882,國泰金,17419167,1985489661,113,115,112,115,2.5,8153
1150904,2882A,國泰特,58405,3518747,60,60,60,60,0.0,19
1150904,2882B,國泰金乙特,25339,1488798,58,58,58,58,0.0,27
1150904,2883,凱基金,42802542,1560014425,36,36,35,36,0.8,14264
1150904,2883B,凱基金乙特,2239848,18373182,8,8,8,8,0.01,309
1150904,2884,玉山金,61355856,2652165923,43,43,42,43,0.35,19908
1150904,2885,元大金,20306355,1412153015,68,70,68,69,1.3,10474
1150904,2886,兆豐金,31950981,1588968092,50,50,49,49,-0.85,22437
1150904,2887,台新新光金,47708121,1984201079,41,42,41,41,0.05,18849
1150904,2887E,台新新光戊特一,125140,6084778,48,48,48,48,0.0,95
1150904,2887F,台新新光戊特二,14571,667925,45,45,45,45,-0.05,34
1150904,2887G,台新新光庚特一,30412,1341358,44,44,44,44,-0.05,30
1150904,2887H,台新新光庚特二,81070,3427650,42,42,42,42,0.1,36
1150904,2887I,台新新光辛特,7563566,72062008,9,9,9,9,0.0,663
1150904,2887Z1,台新新光己特,141861,3085577,21,21,21,21,0.0,38
1150904,2889,國票金,20648721,341869310,16,16,16,16,0.15,4877
1150904,2890,永豐金,19136125,817200898,42,43,42,42,0.25,14413
1150904,2891,中信金,29198109,1980398521,67,68,66,68,0.9,13301
1150904,2891B,中信金乙特,13635,840956,62,62,61,62,0.0,17
1150904,2891C,中信金丙特,3259,199400,61,61,61,61,-0.2,8
1150904,2892,第一金,30570826,1128178723,36,37,36,37,0.45,11686
1150904,2897,王道銀行,4659233,50555097,10,11,10,10,-0.05,1314
1150904,2897B,王道銀乙特,26000,304200,11,11,11,11,0.0,12
1150904,2901,欣欣,6104,143595,23,23,23,23,0.0,25
1150904,2903,遠百,676033,15103298,22,22,22,22,0.0,514
1150904,2904,匯僑,32426,412238,12,12,12,12,-0.05,43
1150904,2905,三商,1543732,27942949,18,18,17,18,-0.05,783
1150904,2906,高林,91548,1269707,13,13,13,13,0.05,93
1150904,2908,特力,244804,5422358,22,22,22,22,0.15,213
1150904,2910,統領,10222,241369,23,23,23,23,0.4,14
1150904,2911,麗嬰房,104522,669256,6,6,6,6,0.08,107
1150904,2912,統一超,825935,178657720,216,217,215,216,-0.5,1835
1150904,2913,農林,1656797,18283293,11,11,10,11,0.0,560
1150904,2915,潤泰全,1487767,85067951,56,57,56,57,0.8,885
1150904,2923,鼎固-KY,252971,6291623,24,25,24,25,1.95,289
1150904,2929,淘帝-KY,153684,882699,5,5,5,5,0.12,162
1150904,2939,永邑-KY,355000,7089900,19,20,19,20,0.3,25
1150904,2945,三商家購,11103,444450,40,40,39,40,0.05,11
1150904,3002,歐格,55293,944364,16,17,16,17,0.2,71
1150904,3003,健和興,366975,24027797,66,66,64,65,0.1,419
1150904,3004,豐達科,683184,83977535,124,125,121,121,-1.5,722
1150904,3005,神基,2162222,245897235,113,115,112,115,2.0,1454
1150904,3006,晶豪科,26605989,7287760518,285,289,263,278,1.5,25674
1150904,3008,大立光,1626455,11572708090,7205,7450,6880,7400,250.0,20205
1150904,3010,華立,296890,38212425,129,130,127,129,1.5,357
1150904,3011,今皓,421937,4288173,10,10,10,10,0.05,249
1150904,3013,晟銘電,782108,68472900,87,88,86,88,2.0,808
1150904,3014,聯陽,1276070,166151740,132,132,129,131,1.0,1394
1150904,3015,全漢,274008,14485892,52,53,52,53,1.1,258
1150904,3016,嘉晶,3591167,357764025,100,101,97,101,2.7,2955
1150904,3017,奇鋐,4515440,15836041480,3465,3570,3410,3570,270.0,20403
1150904,3018,隆銘綠能,38745,454492,11,12,11,11,0.15,80
1150904,3019,亞光,7894390,1135944592,146,147,140,144,1.5,7196
1150904,3021,鴻名,316529,7691648,24,24,24,24,2.2,157
1150904,3022,威強電,4749366,445986224,88,95,88,95,8.7,4884
1150904,3023,信邦,1659541,552202611,329,340,317,340,15.0,5217
1150904,3024,憶聲,1741939,24796506,14,14,14,14,-0.6,951
1150904,3025,星通,131874,6880954,52,52,51,52,0.3,118
1150904,3026,禾伸堂,7288466,5091207225,692,701,683,701,63.0,10030
1150904,3027,盛達,198937,3595264,18,18,17,18,0.3,185
1150904,3028,增你強,488941,31267843,64,64,63,64,0.1,521
1150904,3029,零壹,624017,69049179,110,111,109,111,2.5,587
1150904,3030,德律,2693954,768144140,299,300,278,284,-9.5,6290
1150904,3031,佰鴻,947060,23334577,24,25,24,24,0.4,795
1150904,3032,偉訓,267320,21107734,79,79,78,78,0.0,232
1150904,3033,威健,3416436,150017087,44,44,43,43,-0.2,2456
1150904,3034,聯詠,2053343,1072929998,527,530,519,524,-3.0,3614
1150904,3035,智原,1470816,264909608,183,184,177,179,-0.5,1967
1150904,3036,文曄,7410058,1414484348,194,195,188,192,2.0,6487
1150904,3037,欣興,40890597,36706619508,930,940,873,902,-21.0,97967
1150904,3038,全台,118564,2381253,20,20,20,20,0.05,111
1150904,3040,遠見,61598,2185456,35,35,35,35,0.05,170
1150904,3041,揚智,521418,12054520,23,23,22,23,0.35,388
1150904,3042,晶技,6407392,1108911069,177,179,170,173,-0.5,6714
1150904,3043,科風,73621,1524943,20,20,20,20,0.05,72
1150904,3044,健鼎,2267532,1096677267,489,494,475,488,1.0,3686
1150904,3045,台灣大,5076578,597378118,117,118,116,118,0.0,3028
1150904,3046,建碁,217403,11966220,55,55,54,55,0.4,233
1150904,3047,訊舟,443585,5988833,13,13,13,13,0.25,302
1150904,3048,益登,1031546,55060468,53,53,52,53,1.0,939
1150904,3049,精金,6300109,80455133,12,13,12,12,0.0,2915
1150904,3050,鈺德,286246,3262826,11,11,11,11,0.2,140
1150904,3051,力特,491504,10719365,22,22,21,21,0.1,414
1150904,3052,夆典,497075,5192844,10,10,10,10,-0.05,430
1150904,3054,立萬利,54577,2999902,56,56,54,55,-0.5,123
1150904,3055,蔚華科,3367359,443676603,133,136,128,132,1.5,3400
1150904,3056,富華新,686858,9596556,13,14,13,14,0.1,497
1150904,3057,喬鼎,45336,774618,17,17,16,17,0.35,97
1150904,3058,立德,438013,3534584,8,8,8,8,-0.02,279
1150904,3059,華晶科,1268968,49321557,38,39,38,39,0.85,1053
1150904,3060,銘異,696812,18316247,26,26,25,26,0.8,500
1150904,3062,建漢,893211,18303629,20,20,20,20,0.25,660
1150904,3090,日電貿,12141957,2110656414,167,177,167,176,14.0,10794
1150904,3092,鴻碩,113460,2659736,23,23,23,23,0.05,149
1150904,3094,聯傑,17920641,825572807,43,46,43,46,4.2,12376
1150904,3130,一零四,17752,3732140,210,210,210,210,0.5,154
1150904,3135,凌航,768886,132766030,174,175,171,173,0.5,979
1150904,3138,耀登,152268,14451329,94,96,92,95,2.5,204
1150904,3149,正達,6260505,373899044,60,60,58,60,1.1,4766
1150904,3150,鈺寶-創,3003,49747,16,16,16,16,0.1,6
1150904,3164,景岳,12606,199542,15,15,15,15,0.0,38
1150904,3167,大量,4823725,3725304965,752,803,719,803,73.0,7779
1150904,3168,眾福科,12949,553215,43,43,42,42,0.3,27
1150904,3189,景碩,19778741,15770884241,797,828,766,819,44.0,32030
1150904,3209,全科,1153069,53680345,47,47,46,46,-0.4,979
1150904,3229,晟鈦,1111049,54952075,48,51,48,49,1.2,668
1150904,3231,緯創,82904263,16291830429,195,200,193,198,9.5,62558
1150904,3257,虹冠電,192580,9527341,49,49,49,49,0.05,171
1150904,3266,昇陽,26046,361634,13,13,13,13,0.2,23
1150904,3296,勝德,28411,667776,23,23,23,23,0.25,189
1150904,3305,昇貿,852632,93953343,110,112,108,111,2.5,897
1150904,3308,聯德,54131,1178700,22,22,21,22,0.25,65
1150904,3311,閎暉,87050,2767242,31,32,31,31,0.2,111
1150904,3312,弘憶股,837677,43973514,52,53,51,52,0.8,722
1150904,3321,同泰,154529,2786228,18,18,17,18,0.1,119
1150904,3338,泰碩,376395,24452209,63,66,63,65,2.3,368
1150904,3346,麗清,235367,4435793,18,19,18,18,0.15,263
1150904,3356,奇偶,623983,38422292,62,62,61,61,-1.1,1652
1150904,3376,新日興,3570664,743411458,209,212,204,211,7.0,3841
1150904,3380,明泰,2949133,87366251,29,30,28,30,1.0,1692
1150904,3406,玉晶光,2626231,2674315650,1020,1070,962,1055,64.0,6063
1150904,3413,京鼎,528092,148746036,282,284,279,282,2.5,937
1150904,3416,融程電,260738,44419763,168,172,166,172,7.5,369
1150904,3419,譁裕,129245,1500378,11,11,11,11,0.0,88
1150904,3432,台端,58468,842338,14,14,14,14,0.0,16
1150904,3437,榮創,787329,14415075,17,18,17,18,0.75,617
1150904,3443,創意,1581762,9187836880,5945,6000,5680,5810,10.0,7311
1150904,3447,展達,96958,2783898,28,29,28,28,0.7,102
1150904,3450,聯鈞,1645637,934142969,574,585,554,580,26.0,3213
1150904,3481,群創,130554353,6346827398,49,49,48,48,0.4,67838
1150904,3494,誠研,54757,387835,7,7,7,7,0.01,43
1150904,3501,維熹,210653,8329604,40,40,39,39,-0.1,138
1150904,3504,揚明光,3328889,294114625,88,90,85,89,1.9,3294
1150904,3515,華擎,548846,123387718,222,227,221,227,7.0,627
1150904,3518,柏騰,1515283,46585588,31,32,30,30,-1.05,1114
1150904,3528,安馳,88607,7392374,83,84,82,83,0.9,88
1150904,3530,晶相光,94043,5455011,58,58,57,58,0.5,121
1150904,3532,台勝科,6836299,2716271714,392,406,385,399,18.0,8050
1150904,3533,嘉澤,438794,738621540,1695,1705,1665,1685,15.0,1742
1150904,3535,晶彩科,447882,38764267,86,87,85,86,1.3,487
1150904,3543,州巧,1688446,75874876,45,46,44,44,-0.2,1436
1150904,3545,敦泰,639243,32263196,50,51,50,50,0.3,577
1150904,3550,聯穎,1254082,29006638,23,23,22,23,0.25,821
1150904,3557,嘉威,21900,526681,24,24,23,24,0.2,33
1150904,3563,牧德,455156,312639122,695,704,670,693,17.0,1059
1150904,3576,聯合再生,3629368,62070271,17,17,17,17,0.1,1810
1150904,3583,辛耘,2003875,1444952710,766,773,704,711,-31.0,5519
1150904,3588,通嘉,95548,4990147,52,53,51,52,0.5,148
1150904,3591,艾笛森,5265540,128962392,22,24,22,24,2.2,4131
1150904,3592,瑞鼎,177809,39608403,224,224,221,224,3.0,485
1150904,3593,力銘,3347,36102,10,10,10,10,0.35,12
1150904,3596,智易,767291,122075089,158,160,157,159,2.5,695
1150904,3605,宏致,12601654,1491000022,118,124,113,118,3.5,8936
1150904,3607,谷崧,97217,1331952,13,13,13,13,0.1,106
1150904,3617,碩天,265876,65263667,243,248,242,248,6.5,429
1150904,3622,洋華,412250,21767418,53,53,52,52,0.0,295
1150904,3645,達邁,2138640,153031359,71,73,69,71,1.3,1792
1150904,3652,精聯,104598,3395756,32,33,31,33,1.25,118
1150904,3653,健策,943058,5504530385,5835,5995,5725,5875,260.0,4371
1150904,3661,世芯-KY,1757291,7372893575,4155,4275,4110,4220,170.0,8284
1150904,3665,貿聯-KY,1458584,3121725115,2135,2175,2115,2145,45.0,3259
1150904,3669,圓展,95465,3350029,34,35,34,35,0.3,86
1150904,3673,TPK-KY,2734304,179383724,66,67,64,65,0.8,2089
1150904,3679,新至陞,131817,14024902,107,108,105,105,-2.5,115
1150904,3686,達能,53847,766106,14,14,14,14,-0.2,85
1150904,3694,海華,549491,27636633,51,51,49,50,0.4,454
1150904,3701,大眾控,1781015,74584093,40,43,39,41,1.5,1927
1150904,3702,大聯大,5376062,554428078,103,104,101,104,2.0,3611
1150904,3703,欣陸,1135786,22644544,20,20,19,20,0.05,586
1150904,3704,合勤控,2882332,116011803,41,41,39,40,0.1,1781
1150904,3705,永信,124401,6939539,55,56,55,56,0.2,107
1150904,3706,神達,10563096,977687809,93,94,91,92,1.0,7675
1150904,3708,上緯投控,391115,39054083,100,100,98,100,0.5,408
1150904,3711,日月光投控,15751048,9245301728,600,603,578,588,-1.0,27695
1150904,3712,永崴投控,761792,15909084,21,21,20,21,0.2,2156
1150904,3714,富采,35248872,2325415795,63,67,63,66,5.3,22805
1150904,3715,定穎投控,3581294,422145336,122,122,115,118,0.0,3604
1150904,3716,中化控股,635533,21618278,34,34,33,34,-0.25,713
1150904,3717,聯嘉投控,907714,20277014,22,22,22,22,0.25,452
1150904,4104,佳醫,81530,5785622,70,71,70,70,0.1,166
1150904,4106,雃博,282641,6854282,24,24,24,24,0.0,230
1150904,4108,懷特,123929,1407108,11,11,11,11,0.05,115
1150904,4119,旭富,200170,11032887,56,56,54,56,0.0,372
1150904,4133,亞諾法,85969,1761909,20,20,20,20,0.05,92
1150904,4137,麗豐-KY,318575,25279821,80,80,78,79,-0.6,597
1150904,4142,國光生,453115,7948414,17,17,17,17,-0.05,324
1150904,4148,全宇生技-KY,9000,284300,31,31,31,31,0.5,8
1150904,4155,訊映,230639,3293723,14,14,14,14,0.15,701
1150904,4164,承業醫,303406,7881249,26,26,25,26,0.15,247
1150904,4169,泰宗,165669,24918524,151,151,150,150,0.0,174
1150904,4178,永笙-KY,61272,1029321,16,16,16,16,0.3,51
1150904,4190,佐登-KY,7294,187648,25,25,25,25,0.15,36
1150904,4195,基米-創,221577,3027319,14,14,13,13,-0.2,186
1150904,4306,炎洲,918854,13939353,15,15,15,15,0.0,524
1150904,4414,如興,208923,1738981,8,8,8,8,0.03,174
1150904,4426,利勤,64570,489456,7,7,7,7,-0.01,42
1150904,4438,廣越,41240,2404946,58,58,58,58,0.1,35
1150904,4439,冠星-KY,21072,2042842,98,99,96,96,0.0,23
1150904,4440,宜新實業,64000,1130500,17,17,17,17,0.2,57
1150904,4441,振大環球,67455,11625486,171,175,171,175,3.5,84
1150904,4526,東台,7752405,250484875,31,33,31,32,0.6,5319
1150904,4532,瑞智,443375,10562305,23,23,23,23,0.1,337
1150904,4536,拓凱,105109,17242979,163,165,163,164,1.0,108
1150904,4540,全球傳動,2466731,149796202,61,62,59,60,1.3,2064
1150904,4545,銘鈺,27019,857087,32,32,31,31,0.15,46
1150904,4551,智伸科,2021752,339769848,165,173,164,171,10.5,2003
1150904,4552,力達-KY,263124,4323054,16,16,16,16,-0.15,172
1150904,4555,氣立,114116,5227368,45,46,45,46,1.0,95
1150904,4557,永新-KY,25837,1285507,49,50,49,50,0.55,39
1150904,4560,強信-KY,337050,9813542,29,29,28,28,-0.55,210
1150904,4562,穎漢,145272,4404721,30,30,30,30,0.25,167
1150904,4564,元翎,1214549,19510525,16,16,15,16,0.35,566
1150904,4566,時碩工業,556332,35339685,64,64,62,63,1.0,586
1150904,4569,六方科-KY,267754,48195444,179,183,174,180,7.5,946
1150904,4571,鈞興-KY,235470,37219693,155,161,154,161,7.0,310
1150904,4572,駐龍,2537,356476,140,141,140,141,1.5,23
1150904,4576,大銀微系統,3520267,817830237,236,239,223,238,7.0,4927
1150904,4581,光隆精密-KY,5149,245588,47,48,47,48,0.0,14
1150904,4582,聚恆-創,52250,1229186,23,23,23,23,0.1,37
1150904,4583,台灣精銳,60070,27987301,465,475,458,473,11.5,147
1150904,4585,達明,145138,42465244,291,295,288,294,6.5,390
1150904,4588,玖鼎電力,40544,2117332,53,53,51,51,-0.9,47
1150904,4590,富田-創,214565,19334402,90,91,89,89,0.5,177
1150904,4720,德淵,287832,5337559,18,18,18,18,0.1,224
1150904,4722,國精化,391934,77923217,201,202,194,200,5.0,705
1150904,4736,泰博,154800,19581242,127,127,125,127,0.0,461
1150904,4737,華廣,209634,12193989,57,58,57,58,0.9,141
1150904,4739,康普,589799,49058972,83,84,81,83,1.3,857
1150904,4746,台耀,856389,38811090,46,46,45,45,-0.65,873
1150904,4755,三福化,77118,9036138,117,118,116,118,2.0,167
1150904,4763,材料*-KY,4973396,249533772,50,50,49,50,1.2,3324
1150904,4764,雙鍵,1167672,261463004,223,231,211,231,14.0,1160
1150904,4766,南寶,94278,32447680,343,346,342,346,4.0,259
1150904,4770,上品,882741,198383445,224,228,219,226,9.5,1122
1150904,4771,望隼,119957,25037536,210,213,206,208,-1.0,1274
1150904,4807,日成-KY,252786,7140547,27,29,27,28,1.0,226
1150904,4904,遠傳,3337751,344340552,103,104,102,104,0.5,2233
1150904,4906,正文,5952016,219233546,36,37,36,36,1.4,3526
1150904,4912,聯德控股-KY,1168288,118069178,103,104,99,102,0.5,984
1150904,4915,致伸,2126259,128746254,60,61,59,60,1.2,1548
1150904,4916,事欣科,963654,93673972,98,99,95,97,0.6,1467
1150904,4919,新唐,1945505,230946756,118,120,116,120,5.0,1794
1150904,4927,泰鼎-KY,2401251,98271805,41,41,40,41,1.35,1701
1150904,4930,燦星網,12762,204668,16,16,16,16,0.05,48
1150904,4934,太極,404998,5609894,14,14,13,13,0.25,325
1150904,4935,茂林-KY,118198,3935518,33,33,33,33,-0.25,77
1150904,4938,和碩,18644249,1755066742,91,95,91,95,5.0,11831
1150904,4942,嘉彰,33516,1106802,33,33,32,33,0.05,39
1150904,4943,康控-KY,158672,1142243,7,7,7,7,-0.79,137
1150904,4949,有成精密,666291,51789287,78,78,76,77,0.3,626
1150904,4952,凌通,180511,9113833,51,51,50,50,0.4,179
1150904,4956,光鋐,5271439,196291370,35,38,35,37,2.85,3777
1150904,4958,臻鼎-KY,33930146,15553303956,476,477,446,463,-1.0,51896
1150904,4960,誠美材,1159961,24284864,21,21,20,21,0.3,732
1150904,4961,天鈺,342104,56504743,167,167,164,165,-0.5,541
1150904,4967,十銓,2395597,656540418,275,277,270,276,3.5,4797
1150904,4968,立積,205051,18637583,90,91,90,91,0.6,268
1150904,4976,佳凌,2910101,110995205,38,38,37,38,0.6,2160
1150904,4977,眾達-KY,6114009,1095369476,177,185,172,185,12.5,6957
1150904,4989,榮科,2536700,154618423,62,62,59,61,0.6,2274
1150904,4994,傳奇,13010,1069120,83,83,81,81,-0.2,17
1150904,4999,鑫禾,25049,462207,18,18,18,18,0.05,71
1150904,5007,三星,25000,1401100,55,56,55,56,0.6,20
1150904,5203,訊連,97383,5704246,58,59,58,58,0.0,127
1150904,5215,科嘉-KY,26409,1028370,39,39,38,38,-0.15,30
1150904,5222,全訊,153687,16016989,105,105,103,104,0.5,231
1150904,5225,東科-KY,1162649,67562100,60,60,57,57,-3.6,1122
1150904,5234,達興材料,229981,67191631,292,295,288,293,3.5,518
1150904,5236,凌陽創新,112420,15321925,137,137,134,137,1.5,124
1150904,5243,乙盛-KY,753864,67795381,90,91,88,90,1.7,760
1150904,5244,弘凱,143122,4965424,34,35,34,35,0.1,134
1150904,5258,虹堡,158918,7247445,45,46,45,45,0.65,182
1150904,5269,祥碩,317637,455952705,1450,1465,1425,1430,-10.0,1509
1150904,5283,禾聯碩,74382,4014882,54,54,53,54,0.4,235
1150904,5284,jpp-KY,948538,301512130,318,335,305,330,7.0,1413
1150904,5285,界霖,1524276,133041765,86,89,85,87,1.0,1603
1150904,5288,豐祥-KY,68427,12864147,187,189,186,189,2.0,83
1150904,5292,華懋,80905,17786551,215,223,215,220,1.5,741
1150904,5306,桂盟,207714,19286686,94,94,92,92,-1.9,234
1150904,5388,中磊,2650839,198967244,75,75,74,75,0.5,2299
1150904,5434,崇越,644721,346332966,543,547,528,538,11.0,1079
1150904,5469,瀚宇博,804330,57555096,71,72,70,71,0.4,755
1150904,5471,松翰,1394477,84741943,61,61,60,61,1.2,1732
1150904,5484,慧友,126932,4976029,39,39,39,39,0.4,118
1150904,5515,建國,420373,21912411,52,53,51,52,-0.4,762
1150904,5519,隆大,229512,6271389,27,27,27,27,0.1,260
1150904,5521,工信,980722,10339255,10,10,10,10,0.05,417
1150904,5522,遠雄,373008,23770125,63,64,63,64,0.2,425
1150904,5525,順天,119502,2647601,21,22,21,22,0.15,80
1150904,5531,鄉林,529045,3897361,7,7,7,7,-0.13,412
1150904,5533,皇鼎,109303,1520860,13,13,13,13,0.05,47
1150904,5534,長虹,449333,34411209,76,77,76,76,0.0,480
1150904,5538,東明-KY,45050,1658550,36,37,36,36,0.25,45
1150904,5546,永固-KY,75897,1128316,14,15,14,14,0.0,56
1150904,5607,遠雄港,1778056,101834444,57,58,56,56,-0.4,1923
1150904,5608,四維航,9849972,171237299,17,17,17,17,-0.25,5090
1150904,5706,鳳凰,111711,4993635,44,44,44,44,0.0,261
1150904,5871,中租-KY,4552601,507874077,112,112,111,111,0.0,3742
1150904,5871A,中租-KY甲特,57883,5788299,100,100,100,100,0.0,48
1150904,5876,上海商銀,7546959,346870316,45,46,45,46,0.35,3979
1150904,5880,合庫金,21410399,567768502,26,26,26,26,-0.05,6564
1150904,5906,台南-KY,716,25924,0,0,0,0,0.0,4
1150904,5907,大洋-KY,283196,1397135,4,4,4,4,0.04,182
1150904,6005,群益證,4226625,137821338,32,32,32,32,0.4,2521
1150904,6024,群益期,308371,19496250,63,63,63,63,0.4,1016
1150904,6108,競國,1378795,31712561,23,23,22,22,-0.1,786
1150904,6112,邁達特,357232,16356071,45,46,45,45,0.95,382
1150904,6115,鎰勝,137695,6086802,44,44,44,44,0.55,119
1150904,6116,彩晶,14313503,201006323,14,14,13,14,0.15,5155
1150904,6117,迎廣,137970,8782560,65,65,63,64,0.0,164
1150904,6120,達運,2164346,26705081,12,12,12,12,-0.1,881
1150904,6128,上福,48830,962227,19,19,19,19,-0.1,80
1150904,6133,金橋,868657,20608913,24,24,23,23,0.0,695
1150904,6136,富爾特,128649,3178643,24,24,24,24,0.2,120
1150904,6139,亞翔,2366253,1700124816,722,745,703,736,24.0,6376
1150904,6141,柏承,2389780,125689610,54,54,50,52,0.8,1741
1150904,6142,友勁,283913,2492775,8,8,8,8,0.16,219
1150904,6152,百一,319028,4375219,13,13,13,13,0.25,234
1150904,6153,嘉聯益,2238233,39322939,17,17,17,17,0.45,1022
1150904,6155,鈞寶,1342545,75068322,55,57,54,56,2.4,1148
1150904,6164,華興,266666,3176376,12,12,11,11,0.05,168
1150904,6165,浪凡,143329,7013497,49,49,48,48,-0.3,225
1150904,6166,凌華,2903193,349251444,116,122,116,121,7.5,2802
1150904,6168,宏齊,9647758,280146134,28,29,28,29,1.45,6514
1150904,6176,瑞儀,1541021,140742738,90,92,90,91,1.6,1839
1150904,6177,達麗,3109308,154707015,49,50,48,49,0.45,3959
1150904,6183,關貿,13928,1273649,91,91,91,91,0.3,317
1150904,6184,大豐電,174661,7004295,40,40,40,40,0.0,185
1150904,6189,豐藝,261289,12569180,48,48,47,48,0.1,352
1150904,6191,精成科,879229,72053794,81,82,81,82,1.1,1065
1150904,6192,巨路,156700,18062590,116,116,114,116,1.0,167
1150904,6196,帆宣,2366376,1220479257,516,528,501,516,16.0,5041
1150904,6197,佳必琪,3153237,970621094,301,317,294,315,16.0,4282
1150904,6201,亞弘電,33288,1482919,44,44,44,44,0.1,25
1150904,6202,盛群,1009937,58733704,57,58,57,58,1.8,945
1150904,6205,詮欣,259519,17034958,66,66,64,65,0.5,272
1150904,6206,飛捷,978782,135693250,135,140,135,138,4.0,944
1150904,6209,今國光,10548829,847035670,81,82,78,81,0.4,9068
1150904,6213,聯茂,13261099,6788173006,537,545,493,517,5.0,16225
1150904,6214,精誠,1621496,299822846,183,186,183,185,2.5,1561
1150904,6215,和椿,545798,53629145,98,100,96,99,1.2,710
1150904,6216,居易,120288,2467661,20,20,20,20,0.05,97
1150904,6224,聚鼎,3448628,292599011,83,87,81,84,5.2,5841
1150904,6225,天瀚,57656,3449793,60,60,59,60,-0.4,93
1150904,6226,光鼎,4993207,162528352,33,33,30,33,1.5,3715
1150904,6230,尼得科超眾,42039,4572968,106,110,106,110,4.5,65
1150904,6235,華孚,236973,9344060,40,40,39,39,0.0,373
1150904,6239,力成,9540575,2632483304,280,283,272,276,1.5,12794
1150904,6243,迅杰,370306,14473109,39,39,38,39,0.55,414
1150904,6257,矽格,5818105,1228308784,213,214,207,212,3.0,5915
1150904,6269,台郡,7463442,502324238,65,68,65,67,2.7,5646
1150904,6271,同欣電,15374517,3622880650,227,237,227,237,21.5,17187
1150904,6272,驊陞,2206728,66424618,29,31,29,29,0.85,1550
1150904,6277,宏正,231753,18720125,79,81,79,80,0.4,534
1150904,6278,台表科,4324695,860260367,196,202,194,200,8.5,4422
1150904,6281,全國電,49390,2531566,51,51,51,51,0.1,54
1150904,6282,康舒,4546000,198616261,43,44,43,44,0.8,3339
1150904,6283,淳安,65228,1303152,20,20,19,20,0.05,64
1150904,6285,啟碁,3374956,813966029,239,245,235,243,10.0,3737
1150904,6405,悅城,650887,26178942,39,41,39,40,0.9,760
1150904,6409,旭隼,329319,318866196,981,992,946,965,-7.0,1692
1150904,6412,群電,661067,51044706,77,77,76,77,0.1,725
1150904,6414,樺漢,1386327,547385986,387,399,385,395,14.0,1996
1150904,6415,矽力*-KY,2292237,971220659,421,429,418,428,17.5,3067
1150904,6416,瑞祺電通,546695,54316450,95,100,95,100,5.0,563
1150904,6426,統新,3252179,861111188,270,274,251,269,4.0,13175
1150904,6431,光麗-KY,206000,4141700,19,20,19,19,0.05,116
1150904,6438,迅得,437355,67943212,156,158,152,156,2.5,1439
1150904,6442,光聖,4006278,7039670075,1860,1875,1655,1755,-15.0,13976
1150904,6443,元晶,3099595,76722626,24,25,24,24,0.4,2083
1150904,6446,藥華藥,3488695,4672817755,1360,1370,1310,1310,-40.0,9493
1150904,6449,鈺邦,1582396,366571780,225,238,224,237,21.0,2890
1150904,6451,訊芯-KY,5030233,2266874784,455,459,440,449,-1.0,6395
1150904,6456,GIS-KY,1705385,117200460,68,69,67,68,1.4,1498
1150904,6464,台數科,37189,2907211,77,78,77,77,0.8,52
1150904,6472,保瑞,324890,134933764,415,417,411,416,4.5,820
1150904,6477,安集,563588,19559497,35,35,34,34,0.2,552
1150904,6491,晶碩,208009,79752650,388,388,377,385,4.5,341
1150904,6504,南六,22471,831819,37,37,36,37,-0.3,77
1150904,6505,台塑化,14976818,1152578269,76,78,75,78,1.6,10655
1150904,6515,穎崴,688477,4935246575,7275,7320,6955,7075,75.0,3827
1150904,6525,捷敏-KY,774279,106830104,139,140,136,138,2.5,819
1150904,6526,達發,367471,232892985,646,649,620,635,5.0,1053
1150904,6531,愛普*,2888036,2651566742,942,949,901,911,-1.0,5333
1150904,6533,晶心科,811244,215085302,270,271,262,264,0.0,6405
1150904,6534,正瀚-創,20632,1877614,91,91,90,91,0.1,24
1150904,6541,泰福-KY,441700,13860225,31,31,30,31,0.45,357
1150904,6550,北極星藥業-KY,825107,8486755,10,10,10,10,0.05,513
1150904,6552,易華電,71613,1720235,24,24,23,24,0.0,90
1150904,6558,興能高,103759,2550674,24,24,24,24,0.2,140
1150904,6573,虹揚-KY,198413,3297643,16,16,16,16,0.65,175
1150904,6579,研揚,584626,87461240,145,152,144,150,8.0,705
1150904,6581,鋼聯,13515,1474650,109,109,109,109,1.0,18
1150904,6582,申豐,21223,674661,31,31,31,31,0.2,23
1150904,6585,鼎基,162619,18289816,112,113,111,113,1.5,140
1150904,6589,台康生技,364628,17453132,47,48,47,48,0.15,488
1150904,6591,動力-KY,65486,2783666,42,42,42,42,0.2,89
1150904,6592,和潤企業,286519,17445145,60,61,60,61,0.1,538
1150904,6592A,和潤企業甲特,13466,1293142,95,96,95,96,0.2,12
1150904,6592B,和潤企業乙特,2693,255411,94,95,94,95,0.1,48
1150904,6598,ABC-KY,205586,5559833,27,27,26,27,-0.2,127
1150904,6605,帝寶,330086,45416365,138,138,136,138,1.5,273
1150904,6606,建德工業,153335,3939628,25,25,25,25,-0.2,132
1150904,6614,資拓宏宇,23853,845502,35,35,35,35,-0.05,23
1150904,6625,必應,96860,7282265,75,75,74,75,-0.2,123
1150904,6641,基士德-KY,13000,222050,17,17,17,17,0.25,8
1150904,6645,金萬林-創,34108,418978,12,12,12,12,-0.05,21
1150904,6655,科定,16000,1859000,115,117,115,117,0.0,15
1150904,6657,華安,140222,4239291,30,30,29,30,-0.2,88
1150904,6658,聯策,265109,46544777,175,178,172,178,4.0,668
1150904,6666,羅麗芬-KY,29025,1280301,44,44,43,44,0.3,22
1150904,6668,中揚光,1415349,60066570,43,43,41,42,0.0,1247
1150904,6669,緯穎,4361234,10980517460,2505,2570,2485,2565,90.0,23596
1150904,6670,復盛應用,115088,31662701,276,277,273,275,0.5,461
1150904,6671,三能-KY,22100,508165,23,23,22,23,0.1,14
1150904,6672,騰輝電子-KY,5927842,1707017382,289,289,278,289,26.0,6864
1150904,6674,鋐寶科技,34211,535320,15,16,15,15,-0.15,25
1150904,6689,伊雲谷,98542,6040287,61,61,60,61,0.2,92
1150904,6691,洋基工程,704992,430567869,611,629,598,619,16.0,1679
1150904,6695,芯鼎,200020,9859042,49,49,48,49,0.4,291
1150904,6698,旭暉應材,70993,2239051,31,32,31,31,0.1,110
1150904,6706,惠特,1473399,183651681,124,127,121,127,6.5,1501
1150904,6715,嘉基,1156529,370441214,317,328,311,320,12.5,1390
1150904,6719,力智,435003,82531967,191,191,187,191,4.0,1135
1150904,6722,輝創,33001,1076682,32,33,32,33,0.35,31
1150904,6742,澤米,342646,15203877,44,45,43,44,0.95,316
1150904,6743,安普新,257713,7347401,28,28,28,28,0.1,205
1150904,6753,龍德造船,844400,115530859,138,139,135,137,0.5,1101
1150904,6754,匯僑設計,2084,87553,42,42,42,42,0.65,4
1150904,6756,威鋒電子,206257,21054439,100,104,100,101,1.0,264
1150904,6757,台灣虎航,394103,21876440,56,56,55,55,0.0,514
1150904,6768,志強-KY,167557,10725430,64,64,63,64,0.1,147
1150904,6770,力積電,85248242,5807832780,69,70,67,68,0.7,47868
1150904,6771,平和環保-創,32505,1360487,41,42,41,41,0.1,37
1150904,6776,展碁國際,56728,2995027,53,53,52,53,0.4,68
1150904,6781,AES-KY,354859,389330830,1085,1115,1075,1115,55.0,1162
1150904,6782,視陽,392765,90397549,236,236,228,229,-5.5,4153
1150904,6789,采鈺,1130577,527406026,470,477,458,468,2.5,2314
1150904,6790,永豐實,135927,5172784,38,38,38,38,0.15,100
1150904,6792,詠業,14030,837682,59,60,59,60,0.9,15
1150904,6794,向榮生技,27029,1980653,73,74,72,73,-1.3,28
1150904,6796,晉弘,44706,2638625,59,59,58,59,0.4,51
1150904,6799,來頡,104959,8450329,81,81,80,80,0.4,155
1150904,6805,富世達,564271,1219816205,2150,2200,2080,2200,105.0,2774
1150904,6807,峰源-KY,10000,325100,32,33,32,32,0.05,9
1150904,6830,汎銓,3050638,1831187872,610,625,574,597,7.0,5886
1150904,6831,邁科,1037685,616401686,608,613,565,605,20.0,1635
1150904,6834,天二科技,4355140,403752905,90,94,89,94,6.8,3903
1150904,6835,圓裕,28306,874701,30,31,30,31,-0.05,35
1150904,6838,台新藥,208514,5082116,24,24,23,24,0.65,198
1150904,6854,錼創科技-KY創,306930,28774894,93,96,92,92,0.1,296
1150904,6861,睿生光電,231207,42089867,180,185,180,183,4.5,333
1150904,6862,三集瑞-KY,206724,29214256,141,143,139,140,1.0,211
1150904,6863,永道-KY,87350,9087537,104,105,103,104,0.5,92
1150904,6869,雲豹能源,313785,20348941,65,65,64,64,-0.5,511
1150904,6873,泓德能源,204206,13833638,68,68,67,68,0.0,284
1150904,6885,全福生技,526421,12623952,23,24,23,24,0.85,335
1150904,6887,寶綠特-KY,15020,568872,37,38,37,38,0.9,18
1150904,6890,來億-KY,524946,92770636,183,184,169,169,0.5,962
1150904,6901,鑽石投資,1355411,20205908,15,15,14,14,0.05,862
1150904,6902,GOGOLOOK,33422,4117168,123,125,122,125,1.0,91
1150904,6906,現觀科,496558,41124804,80,85,79,84,0.9,512
1150904,6908,宏碁遊戲-創,35350,1063801,30,30,30,30,0.0,22
1150904,6909,創控,143880,5795869,40,40,39,40,1.1,144
1150904,6914,阜爾運通,93581,11312955,121,121,120,121,-1.0,220
1150904,6916,華凌,18088,336267,18,18,18,18,0.2,12
1150904,6918,愛派司,51160,3991845,77,80,76,77,0.7,46
1150904,6919,康霈*,8669515,731811227,83,87,81,86,1.9,7333
1150904,6921,嘉雨思-創,3011,190203,63,63,62,63,-0.1,9
1150904,6923,中台,16230,1220756,74,75,74,75,-0.1,23
1150904,6924,榮惠-KY創,57652,6824834,113,123,112,123,9.5,76
1150904,6928,攸泰科技,72405,3489721,47,48,47,48,0.55,67
1150904,6931,青松健康,50400,2058400,40,41,40,41,0.05,34
1150904,6933,AMAX-KY,956572,296226243,309,319,299,317,15.0,1583
1150904,6934,心誠鎂,34062,2492687,74,74,72,72,-1.4,32
1150904,6936,永鴻生技,11000,361050,32,32,32,32,0.0,7
1150904,6937,天虹,532250,152506436,284,295,278,283,5.0,825
1150904,6944,兆聯實業,340084,235688637,705,705,685,696,1.0,1999
1150904,6947,台鎔科技,269535,18791206,69,71,68,69,1.4,231
1150904,6951,青新-創,50851,3620817,71,71,70,71,-0.8,226
1150904,6952,大武山,13080,501550,38,38,38,38,0.0,16
1150904,6955,邦睿生技-創,3000,300000,100,100,100,100,1.1,3
1150904,6957,裕慶-KY,53322,11629732,218,221,216,219,2.0,289
1150904,6958,日盛台駿,25691,445546,17,17,17,17,0.15,27
1150904,6958A,日盛台駿甲特,29000,597550,20,20,20,20,0.0,17
1150904,6962,奕力-KY,1115333,35469474,32,32,31,31,0.15,807
1150904,6965,中傑-KY,11036,815349,73,74,73,73,0.1,13
1150904,6969,成信實業*-創,84665,2786879,33,33,32,33,0.05,72
1150904,6988,威力暘-創,25000,290350,11,11,11,11,0.55,13
1150904,6994,富威電力,406928,14306125,35,35,34,35,-0.35,297
1150904,7610,聯友金屬-創,395227,719313140,1820,1820,1820,1820,165.0,1454
1150904,7631,聚賢研發-創,66565,9592034,144,146,142,146,5.0,60
1150904,7689,大鵬科CLMX,46692,8004081,170,172,170,172,2.0,71
1150904,7705,三商餐飲,68260,2028323,29,29,29,29,0.05,165
1150904,7711,永擎,2356476,1431399909,597,632,575,632,57.0,4187
1150904,7721,微程式,37691,2270374,61,61,59,60,0.6,45
1150904,7722,LINEPAY,47394,13214733,275,281,275,280,5.5,154
1150904,7730,暉盛-創,253549,46478986,190,193,175,186,-1.5,257
1150904,7732,金興精密,4000,134550,33,33,33,33,0.05,4
1150904,7736,虎山,6000,418100,70,70,69,69,-0.5,6
1150904,7740,熙特爾-創,78660,10206239,129,135,128,132,3.0,112
1150904,7749,意騰-KY,149005,54315959,364,369,359,368,5.0,239
1150904,7750,新代,346468,812979760,2205,2420,2205,2415,215.0,2697
1150904,7760,享溫馨,65895,2179871,33,33,33,33,0.0,21
1150904,7765,中華資安,37495,8302215,221,222,220,221,-0.5,145
1150904,7768,頌勝科技,96312,27512176,280,288,280,282,4.5,144
1150904,7769,鴻勁,412749,2464228565,6070,6125,5885,5980,110.0,4160
1150904,7780,大研生醫*,583651,9746693,16,16,16,16,0.05,344
1150904,7786,東方風能,71301,8319940,116,117,116,116,0.0,108
1150904,7788,松川精密,4593320,1496116629,319,339,315,335,20.0,5754
1150904,7791,皇家可口,39959,2204090,55,55,55,55,-0.3,72
1150904,7795,長廣,1085335,546585383,508,520,492,505,16.0,1329
1150904,7799,禾榮科,318974,116334857,355,373,353,370,18.0,449
1150904,7803,雲象科技-創,13000,254250,19,19,19,19,0.4,11
1150904,7818,溢泰實業,40705,2466209,60,60,60,60,-0.1,41
1150904,7821,神數,27855,1101292,39,39,39,39,0.15,51
1150904,7822,倍利科,99311,90542599,906,924,896,922,24.0,559
1150904,7823,奧義賽博-KY創,11322,939416,84,84,82,83,-0.7,13
1150904,7827,漢康-KY創,141733,21164341,151,153,145,151,-0.5,191
1150904,7835,永悅健康-創,81300,1885460,23,23,23,23,-0.75,47
1150904,7855,和運租車,652988,27934806,42,42,42,42,-0.05,466
1150904,8011,台通,246571,3872206,15,15,15,15,-0.05,226
1150904,8016,矽創,245676,71719674,295,295,289,293,3.5,937
1150904,8021,尖點,6332673,2659196942,425,426,413,420,6.5,8201
1150904,8028,昇陽半導體,1322617,315311070,242,244,234,239,2.5,1954
1150904,8033,雷虎,2868742,502221111,176,177,171,176,3.0,3664
1150904,8039,台虹,40392394,12392791079,307,321,295,297,4.5,35162
1150904,8045,達運光電,345195,17340471,50,51,50,50,-0.2,179
1150904,8046,南電,18619387,19503732175,1075,1095,1010,1055,-25.0,36641
1150904,8070,長華*,1640539,82301333,49,50,49,50,1.3,1191
1150904,8072,陞泰,43561,1137206,26,26,25,26,0.15,61
1150904,8081,致新,268723,67942514,255,255,251,254,3.0,665
1150904,8101,華冠,7308,87110,11,12,11,12,0.35,14
1150904,8103,瀚荃,5723721,701626643,123,126,118,122,1.5,15595
1150904,8104,錸寶,190480,5820857,30,30,30,30,0.2,272
1150904,8105,凌巨,3908652,58087525,14,15,14,15,0.0,1540
1150904,8110,華東,2324035,101201874,44,44,42,43,0.3,1806
1150904,8112,至上,5572317,500631670,90,90,88,90,1.2,4879
1150904,8112A,至上甲特,6045,273229,45,45,45,45,0.0,15
1150904,8114,振樺電,290290,56185924,192,195,190,194,5.5,401
1150904,8131,福懋科,1123218,68483456,61,61,60,61,0.9,1071
1150904,8150,南茂,17066972,1530039784,91,92,87,90,1.0,15114
1150904,8162,微矽電子-創,54307,3288634,59,61,59,60,1.7,72
1150904,8163,達方,536149,16947120,31,31,31,31,0.4,454
1150904,8201,無敵,26006,303256,11,11,11,11,0.15,34
1150904,8210,勤誠,923601,897560390,957,986,949,986,38.0,2326
1150904,8213,志超,264499,8717967,32,33,32,32,0.15,242
1150904,8215,明基材,638897,16236567,25,25,24,25,0.25,551
1150904,8222,寶一,406169,14932909,37,37,36,37,0.25,413
1150904,8249,菱光,268687,10900739,40,41,40,40,0.75,233
1150904,8261,富鼎,3505933,631171535,178,185,174,180,7.5,5325
1150904,8271,宇瞻,1937182,420002491,220,222,213,217,0.0,2509
1150904,8341,日友,158056,11904337,75,75,75,75,0.1,165
1150904,8367,建新國際,10062,412930,41,41,41,41,-0.15,12
1150904,8374,羅昇,300406,24356332,81,82,79,81,2.5,292
1150904,8404,百和興業-KY,271052,4381027,16,16,16,16,-0.05,172
1150904,8411,福貞-KY,45578,589484,12,13,12,13,0.1,64
1150904,8422,可寧衛*,2983275,77940368,26,26,26,26,-0.05,1991
1150904,8429,金麗-KY,71480,431617,6,6,6,6,0.04,95
1150904,8438,昶昕,184526,12595605,70,70,67,68,0.0,744
1150904,8442,威宏-KY,19966,907447,45,45,45,45,0.25,25
1150904,8443,阿瘦,31632,350982,11,11,11,11,-0.05,53
1150904,8454,富邦媒,395847,96075235,239,246,237,245,7.0,892
1150904,8462,柏文,75398,12447017,165,166,163,165,0.0,171
1150904,8463,潤泰材,12510,268394,21,21,21,21,0.0,14
1150904,8464,億豐,173096,64308973,367,373,367,373,6.0,220
1150904,8466,美吉吉-KY,14295,216253,15,15,15,15,-0.2,16
1150904,8467,波力-KY,24081,2179190,90,91,88,90,0.2,26
1150904,8473,山林水,691431,31800372,46,46,45,45,-0.45,594
1150904,8476,台境*,225236,4338032,19,19,19,19,0.1,99
1150904,8478,東哥遊艇,64405,9127503,141,142,141,142,1.0,95
1150904,8481,政伸,20068,821488,40,41,40,41,0.4,11
1150904,8482,商億-KY,13181,634932,47,48,47,48,1.35,17
1150904,8487,愛爾達-創,2295,161717,70,70,70,70,0.1,14
1150904,8488,吉源-KY,191213,1958741,9,10,9,10,0.63,156
1150904,8499,鼎炫-KY,5116,1306257,259,259,253,253,0.5,11
1150904,8926,台汽電,1959811,112049060,56,57,56,57,0.9,1730
1150904,8940,新天地,46954,704493,15,15,14,15,-0.05,76
1150904,8996,高力,5561008,6933380315,1255,1300,1170,1300,115.0,10460
1150904,9103,美德醫療-DR,451388,2287268,5,5,5,5,0.11,158
1150904,910322,康師傅-DR,5472,136875,24,25,24,25,-0.2,12
1150904,9105,泰金寶-DR,15263374,131278703,8,8,8,8,0.11,3355
1150904,910861,神州-DR,69000,249850,3,3,3,3,-0.01,29
1150904,9110,越南控-DR,41100,118705,2,3,2,3,0.0,18
1150904,911608,明輝-DR,31066,82331,2,2,2,2,-0.02,21
1150904,911622,泰聚亨-DR,0,0,0,0,0,0,0.0,0
1150904,911868,同方友友-DR,224300,260217,1,1,1,1,0.01,43
1150904,912000,晨訊科-DR,71400,176430,2,2,2,2,0.04,35
1150904,9136,巨騰-DR,49000,537200,11,11,10,11,0.1,26
1150904,9802,鈺齊-KY,406124,29276274,72,72,71,72,0.1,392
1150904,9902,台火,37564,511756,13,13,13,13,0.05,75
1150904,9904,寶成,5728739,141042164,24,24,24,24,0.05,2679
1150904,9905,大華,52824,1134540,21,21,21,21,0.05,53
1150904,9906,欣巴巴,47379,2007951,43,43,42,42,-0.4,128
1150904,9907,統一實,1115761,17057488,15,15,15,15,-0.1,626
1150904,9908,大台北,159230,4626180,29,29,29,29,0.0,132
1150904,9910,豐泰,801231,54938908,67,69,67,68,1.2,697
1150904,9911,櫻花,623832,50963767,82,82,81,81,-0.9,551
1150904,9912,偉聯,86338,1107521,12,13,12,12,0.35,91
1150904,9914,美利達,916724,72960962,80,80,78,79,-0.3,1035
1150904,9917,中保科,277915,29525554,106,106,106,106,0.5,388
1150904,9918,欣天然,41513,1794601,43,43,42,43,-0.35,57
1150904,9919,康那香,225472,3130907,13,13,13,13,0.1,184
1150904,9921,巨大,1344515,133296539,101,101,97,98,-1.6,1528
1150904,9924,福興,74968,2886434,38,38,38,38,0.05,100
1150904,9925,新保,1248600,49384156,39,39,39,39,-0.15,1228
1150904,9926,新海,13120,647665,49,49,49,49,0.2,21
1150904,9927,泰銘,59528,4144927,69,69,69,69,0.0,109
1150904,9928,中視,39002,696785,17,17,17,17,-0.15,25
1150904,9929,秋雨,21050,237918,11,11,11,11,-0.1,13
1150904,9930,中聯資源,81176,5076131,62,63,62,63,0.7,94
1150904,9931,欣高,8639,292931,33,33,33,33,0.0,20
1150904,9933,中鼎,2456816,99212868,40,40,40,40,-0.4,3563
1150904,9934,成霖,539581,5931749,11,11,10,11,0.05,312
1150904,9935,慶豐富,159699,3144256,19,19,19,19,0.05,135
1150904,9937,全國,78151,4291365,55,55,54,55,0.1,54
1150904,9938,百和,753669,30982394,41,41,41,41,-0.1,661
1150904,9939,宏全,385249,50428178,131,131,130,131,0.0,531
1150904,9940,信義,254682,5204079,20,20,20,20,0.2,191
1150904,9941,裕融,493562,39987521,81,81,80,81,0.4,581
1150904,9941A,裕融甲特,32805,1603180,48,48,48,48,-0.1,32
1150904,9942,茂順,45796,5235150,114,115,114,114,0.5,66
1150904,9943,好樂迪,34463,1766062,51,51,51,51,0.2,57
1150904,9944,新麗,54895,942873,17,17,17,17,0.0,43
1150904,9945,潤泰新,3851767,108853378,28,28,28,28,0.2,1820
1150904,9946,三發地產,225215,3929508,17,17,17,17,0.45,197
1150904,9955,佳龍,194070,4632027,24,24,23,23,0.2,170
1150904,9958,世紀鋼,1659464,145979633,88,89,87,88,-0.3,1997
